/****************************************************************************
** Resource object code
**
** Created by: The Resource Compiler for Qt version 6.10.1
**
** WARNING! All changes made in this file will be lost!
*****************************************************************************/

#ifdef _MSC_VER
// disable informational message "function ... selected for automatic inline expansion"
#pragma warning (disable: 4711)
#endif

static const unsigned char qt_resource_data[] = {
  // Main.qml
  0x0,0x0,0x6,0xfc,
  0x28,
  0xb5,0x2f,0xfd,0x60,0x70,0x18,0x95,0x37,0x0,0xda,0x43,0x7c,0xc,0x32,0x50,0x6f,
  0x73,0x30,0x33,0x33,0x33,0x33,0x33,0xe9,0xf9,0xcc,0xd1,0xf4,0x68,0x6d,0x27,0xe5,
  0x20,0x22,0x7,0x9d,0xf4,0x26,0x49,0xe4,0xa,0xec,0xcc,0xe6,0xc3,0xb1,0xe,0x2a,
  0x1b,0xaf,0xa6,0x9b,0xfe,0x36,0x1a,0x41,0x8a,0xf2,0xef,0x6d,0xcd,0xc4,0x2e,0xd4,
  0xb7,0x0,0xb9,0x0,0xb9,0x0,0x1b,0x8,0xdf,0xc2,0xa4,0x22,0xad,0xa1,0xd1,0x58,
  0x99,0x2a,0xf3,0x93,0xa3,0xf3,0xc6,0xd7,0xce,0x3d,0x5,0x16,0xa7,0xe2,0xf4,0xe3,
  0xcc,0xbb,0x3a,0x99,0x42,0x6a,0xab,0xab,0xae,0x2,0xe0,0xec,0xa8,0x6b,0x9,0xb,
  0x1b,0x32,0x95,0x53,0xdd,0xdd,0x6b,0xe4,0xbd,0x39,0xea,0xdc,0x8e,0xc8,0x49,0x21,
  0xb7,0x5f,0x2a,0xc8,0x63,0x4c,0x4a,0xce,0x76,0xc6,0xf7,0x3a,0x8e,0x7b,0x7e,0xb,
  0xfa,0x28,0xda,0xd9,0x5a,0xf7,0xbc,0x59,0xb6,0xff,0x5b,0x32,0xb7,0x3,0x3,0x3,
  0x4b,0x40,0x50,0xe9,0xca,0xb,0x6f,0x2f,0xa7,0x92,0x3e,0xa9,0x6a,0x33,0xfe,0xf7,
  0x67,0x45,0x1d,0x37,0x9c,0xff,0x23,0x7d,0x7c,0x8a,0x32,0xd8,0xeb,0x41,0x5a,0x6c,
  0xd0,0x76,0x28,0x8a,0xaa,0xf6,0x2,0x3d,0x8c,0xa2,0xee,0xfc,0xf7,0x6a,0x89,0xc5,
  0x1a,0x43,0x4f,0xa9,0xef,0x5,0xe3,0x56,0x46,0x2b,0xa2,0x70,0x46,0x8e,0x49,0xe3,
  0xf3,0x8b,0x92,0xe3,0x14,0x2a,0x95,0xfa,0x1d,0x1d,0xe1,0x89,0x2a,0xa9,0xff,0xa4,
  0x9e,0xa9,0x2,0xf2,0x62,0x87,0xf1,0x18,0xfb,0x4e,0xb9,0x2d,0x6,0xd8,0x48,0x4b,
  0x78,0x73,0xcc,0x49,0xc9,0x1c,0xda,0x8c,0x32,0x6a,0x6c,0x71,0x2a,0x38,0x7d,0xcd,
  0x80,0x29,0x91,0xe4,0x16,0x32,0x11,0x54,0x8c,0x24,0xd9,0x7b,0xf6,0x83,0x74,0xf5,
  0xc6,0x73,0x54,0xe9,0xd8,0x4b,0x36,0xa4,0x14,0xdc,0x3a,0x87,0xa8,0xbd,0x5a,0xe3,
  0x8b,0x9f,0xed,0xde,0xbd,0xfd,0x19,0x41,0x9c,0xe1,0x5,0xe3,0xe6,0xd,0x25,0x5,
  0xf5,0x63,0xc9,0xc1,0x96,0x20,0x2d,0x82,0x26,0xfd,0xef,0xbe,0x9f,0xa7,0xf7,0x4b,
  0xc6,0x44,0xd3,0x65,0x7a,0xdf,0x8b,0x81,0xb2,0xa3,0xc3,0x62,0xbc,0x61,0x94,0x22,
  0x74,0x61,0x46,0xee,0xb3,0x18,0xd0,0xfb,0x28,0xfa,0x58,0x76,0xf7,0x31,0x56,0x4a,
  0x5e,0xa7,0x99,0x64,0x8c,0xca,0x7,0x89,0xb,0xc,0x34,0x5,0x9a,0xeb,0x62,0x5a,
  0xb4,0x53,0xf7,0x6,0xe,0x63,0x9c,0x4c,0xf6,0xf1,0xbd,0xe2,0x4c,0x3b,0xc3,0x49,
  0x5f,0x7f,0x38,0xd3,0x60,0x7,0x9c,0x11,0xe7,0x2d,0x3a,0x77,0xfd,0xec,0xf7,0x14,
  0x36,0x1c,0xca,0xe0,0x6d,0x66,0x94,0xdf,0x8d,0xb0,0xf4,0xe,0x59,0x70,0x1e,0xe4,
  0xd,0x7f,0x1e,0xeb,0x3e,0x59,0xde,0x21,0xa,0xea,0x8c,0x96,0xdb,0x15,0xae,0xcd,
  0x4c,0xfc,0xcc,0xf0,0x59,0xcb,0xcb,0xfb,0x67,0x7b,0x24,0xbf,0xf8,0xde,0x21,0xa9,
  0x4e,0xf6,0xbf,0x14,0x50,0x13,0x85,0xa9,0xba,0x76,0x94,0xa2,0xce,0xc8,0x3f,0xe9,
  0x9b,0x78,0x9b,0x1f,0x96,0x4b,0x41,0x35,0x51,0x18,0x4c,0xc3,0x4c,0x4f,0xa9,0x5b,
  0x18,0xd3,0x7c,0x7a,0x8c,0x4d,0x58,0x91,0x86,0x33,0x22,0x20,0x20,0x70,0xf6,0xaa,
  0x5d,0x84,0xec,0x9b,0xf7,0x73,0x73,0x9b,0xea,0xa2,0xd8,0xe8,0x3f,0xc5,0xac,0xaa,
  0x64,0x2f,0x28,0x29,0x66,0x59,0x57,0x93,0xc4,0x8f,0x6c,0x91,0xc8,0x4d,0x3f,0x69,
  0xb6,0x1d,0x69,0x47,0xab,0xd9,0x54,0x7b,0xd5,0x19,0x35,0xe7,0x6d,0x6e,0x9d,0xa4,
  0x9e,0xe,0xa5,0xb1,0x38,0x60,0xbb,0x77,0xd6,0xce,0x75,0x1a,0xa2,0xa5,0x36,0xf9,
  0x5f,0x67,0x38,0x63,0xd,0x63,0xdd,0x1,0x6d,0xc6,0xc7,0x5c,0xdd,0xe,0x73,0x7b,
  0x49,0x19,0x33,0xd0,0x9b,0x3c,0x5a,0x11,0xcd,0xf0,0x0,0x71,0x2a,0xfa,0xae,0x70,
  0xfa,0x71,0x52,0x8a,0x77,0xfe,0x4a,0xbf,0x6b,0xd9,0x65,0x60,0xe0,0x8c,0x1,0x95,
  0x12,0xd8,0x2,0xd2,0x5e,0xd9,0xb6,0x5,0xb6,0x8c,0xec,0x20,0xc1,0xf6,0xf5,0x48,
  0x96,0x5a,0xfb,0xbd,0xee,0x33,0xe9,0x77,0x9d,0xda,0x5b,0xd3,0xa2,0x6b,0x50,0x54,
  0x81,0x75,0x49,0xe,0xc5,0xed,0x6c,0xb1,0xf3,0xbf,0x21,0x6c,0x8,0xa3,0xcb,0x66,
  0x11,0x51,0x50,0xdd,0x49,0xe3,0xbf,0xd9,0x65,0x95,0xa3,0xe4,0x2a,0x39,0xeb,0x58,
  0x56,0x46,0xe0,0xff,0xc3,0xfa,0x49,0x49,0x62,0x65,0xfa,0x25,0x90,0xa9,0xec,0xc,
  0x38,0x15,0x78,0xe4,0xba,0x54,0x53,0x85,0x71,0xbe,0x58,0x3a,0xc4,0xb5,0x4a,0x1d,
  0x62,0x91,0x53,0x6c,0x3b,0x9,0xf5,0x83,0xc3,0xb9,0x58,0xda,0xf7,0x2,0x60,0xc9,
  0xe2,0x76,0x5e,0x8d,0xc,0x6b,0x72,0xad,0xe4,0xd9,0x13,0x94,0x14,0xa9,0x9a,0x11,
  0xf,0xc3,0x99,0xac,0xcc,0x86,0x82,0xfd,0xaf,0xa7,0xb7,0xc6,0x93,0x29,0xb4,0x98,
  0x4d,0xba,0xb1,0x32,0xa3,0xdd,0xfa,0x23,0x4a,0x16,0xa1,0x9f,0x77,0xb4,0x4e,0xde,
  0x90,0xe9,0x44,0x67,0x4,0xf2,0xa2,0xf4,0x4c,0xea,0x81,0x93,0x21,0x66,0xa4,0x17,
  0x57,0x73,0xc,0xfa,0x38,0xad,0xde,0xb5,0xc4,0x78,0x36,0x4,0x81,0xba,0xa8,0xf1,
  0x1d,0x32,0x43,0x33,0x22,0x22,0x49,0x92,0x14,0x5a,0x3,0x61,0x18,0x42,0x1c,0x83,
  0xc,0x62,0xe7,0x1,0x62,0x60,0x64,0x10,0x23,0x61,0x8a,0x31,0xca,0x11,0x46,0xa0,
  0x70,0x84,0x24,0x28,0x11,0x21,0x29,0x27,0xc9,0x70,0x6c,0x6d,0x2f,0x20,0xd8,0xa,
  0x40,0xa2,0x14,0xc6,0x13,0x3f,0x7,0xf,0x10,0x6a,0xc4,0x9b,0xc3,0xb0,0x94,0x1,
  0x9f,0x9b,0x83,0x8,0x28,0xae,0x4e,0xbb,0x18,0xca,0x64,0xd5,0xe8,0x4,0xc1,0xa6,
  0xca,0x4d,0x32,0x9e,0x51,0x92,0x5f,0x57,0x3e,0xf6,0x20,0x42,0xa9,0xe3,0x48,0x90,
  0x8,0x8b,0xf2,0x63,0x5a,0x4c,0x99,0xd3,0x43,0x62,0x40,0x89,0x74,0xb4,0x78,0xcf,
  0x4d,0xfa,0x5e,0xb2,0x84,0xb2,0xe4,0x73,0xa7,0x39,0x81,0xb5,0x14,0xe,0x8a,0xc7,
  0x9c,0x46,0x8,0x5,0x71,0x67,0xeb,0xf6,0x16,0xeb,0x33,0x97,0x29,0x8a,0x3f,0x83,
  0xf1,0x9f,0x79,0x8e,0x91,0x0,0x65,0xb,0xa0,0xa1,0xb7,0x4e,0x44,0x76,0x7f,0xca,
  0x7,0x40,0xeb,0xe1,0x6d,0x92,0xb6,0x38,0x44,0xcf,0xe8,0x8,0xac,0xbc,0x8f,0xb4,
  0xbf,0xc0,0x1b,0x10,0x16,0x6f,0x2a,0x4b,0x53,0xcf,0x56,0x29,0x43,0x25,0x4f,0x6,
  0xec,0x49,0x10,0x2,0xc0,0x85,0xe,0xc6,0xde,0xac,0xf3,0x5a,0xcb,0xa8,0xd0,0xe9,
  0x6a,0x3d,0xa4,0xd5,0x50,0x23,0x8b,0xcc,0x2a,0x2f,0xe2,0x44,0x96,0x48,0xee,0xe0,
  0x40,0xbf,0x24,0x19,0x92,0x8a,0x25,0x2f,0xc5,0x14,0xbb,0x8e,0x26,0x2b,0xef,0xc6,
  0x14,0xaf,0x8a,0x79,0x67,0x5b,0x5c,0x10,0x5b,0x69,0x45,0x57,0xf0,0xdf,0x8f,0x3,
  0xb2,0x10,0x97,0x4c,0x11,0x53,0x51,0x15,0x89,0x29,0x47,0x29,0xaa,0x22,0xfc,0x6,
  0x5f,0x35,0x16,0x8d,0x59,0x36,0xc1,0x2d,0xca,0xaf,0x32,0x55,0x30,0x1e,0x5,0xa9,
  0x7c,0x39,0xd0,0x3b,0x47,0x4f,0x45,0x52,0x77,0x17,0x75,0x14,0xb7,0x2c,0x77,0xfd,
  0x26,0x61,0x1f,0xd2,0x51,0x2e,0x37,0x1f,0x33,0xe6,0x90,0xa6,0xea,0x21,0x55,0xa8,
  0x12,0x93,0xa,0xbe,0x12,0x67,0x21,0x46,0x47,0x28,0x84,0x9d,0xb5,0x12,0x3c,0x1f,
  0x10,0xf7,0x5f,0x81,0x79,0xd0,0xc7,0x52,0x78,0x7,0xb3,0x3e,0x4,0xc9,0xe5,0xa7,
  0x42,0xaa,0x8c,0xbb,0x6e,0x63,0x73,0x6a,0x8c,0xf3,0x72,0x49,0x4a,0xc7,0x32,0xd6,
  0x1b,0x73,0x94,0x2a,0xee,0x19,0xd1,0x1c,0x97,0xa5,0x40,0x31,0x55,0x20,0xad,0xa6,
  0x2a,0x45,0xb7,0x52,0xd0,0x3c,0xae,0x1d,0xdc,0xb0,0xc7,0x70,0xaa,0x28,0xe6,0xae,
  0x93,0xe0,0xdc,0x4a,0x78,0x53,0x71,0x52,0x8b,0x6c,0xc2,0x1a,0x1,0xa5,0x8d,0x2c,
  0xbd,0xbd,0x18,0x55,0x77,0x85,0xd6,0xa5,0x69,0x1c,0x6a,0x4a,0x51,0x96,0x60,0xea,
  0x77,0x32,0xf,0xc6,0xa2,0x4d,0x65,0x3b,0xb1,0xe6,0x57,0x90,0x95,0x1,0xe9,0x1d,
  0x5a,0x43,0xe7,0x62,0x80,0x6c,0xdc,0xb2,0xf4,0x82,0xf8,0x44,0x3a,0x7a,0x8d,0x86,
  0xe1,0x53,0xe7,0xe7,0x6,0x4f,0x86,0x8,0x93,0x1f,0x6,0x8b,0x8b,0x70,0x3b,0x54,
  0xe3,0x85,0xe1,0x47,0xa1,0x6d,0xaa,0x4a,0x5e,0x80,0x43,0x61,0xa,0x5e,0x83,0x56,
  0xb9,0xd4,0xe5,0xb1,0xc2,0x1c,0x16,0xf2,0xbc,0xec,0x4d,0xfc,0xa9,0xc7,0x31,0x1,
  0x65,0x85,0xc9,0x35,0x84,0xb0,0x9c,0xcc,0xe0,0x4c,0xe9,0x2a,0x56,0x8a,0xe9,0xb7,
  0x47,0x43,0xf2,0x8e,0x69,0x62,0x3,0x58,0xb5,0xd9,0x69,0x51,0x27,0xea,0x5,0xd9,
  0x43,0x8b,0xf7,0xa2,0xd0,0xf1,0x8,0x8,0x9,0xf8,0x39,0xdc,0xf7,0xf4,0xbf,0x11,
  0xc2,0x4,0xc1,0x43,0x8e,0x43,0xea,0x7e,0x24,0xa9,0x25,0xf3,0x16,0xe9,0x83,0x1,
  0x25,0x41,0x85,0x64,0x80,0x16,0xc5,0xf9,0x6b,0x4e,0x55,0x4d,0x1c,0x90,0xc8,0xd3,
  0x21,0x6f,0x8c,0xb9,0x62,0xa7,0x47,0x4f,0x32,0x63,0xf9,0x94,0x69,0x6d,0x92,0xac,
  0x82,0x52,0x3c,0x5e,0xa7,0x5f,0xd7,0x18,0x12,0xf,0x42,0xb3,0x68,0x2e,0x4a,0x54,
  0x9c,0x97,0xb4,0x5b,0xec,0x2c,0x6,0x8a,0xb2,0xda,0x1d,0x10,0x3d,0x31,0x97,0x4f,
  0x8,0xef,0x28,0x23,0x84,0x3b,0x77,0xc7,0x88,0xf3,0x8,0x3,0x6a,0x1,0xbc,0x74,
  0x79,0x68,0x64,0xe6,0xcc,0x8e,0x92,0x29,0x8c,0x34,0xa3,0x71,0xb9,0xb0,0xe3,0x44,
  0xb5,0x16,0x5c,0xd2,0xa0,0x8d,0xf0,0xf0,0x82,0x57,0x84,0x2e,0x3a,0x27,0xcf,0xe2,
  0x4f,0xb3,0x48,0xe4,0xd4,0x6e,0xcb,0xa4,0xb0,0xc8,0xf8,0xb,0x8e,0x84,0xf7,0x29,
  0x12,0x62,0x4f,0x90,0xf3,0x8,0x50,0xc1,0x7f,0x99,0x6,0x5c,0xb1,0xfe,0x91,0x75,
  0x25,0x64,0x80,0x2,0x9d,0xe,0xfb,0x63,0xed,0x86,0xc4,0x8e,0x23,0x67,0x80,0xbe,
  0x86,0x5,0xbe,0x99,0xa4,0xc6,0x74,0x1,0x7,0x7b,0x5f,0x92,0xb9,0x60,0x5a,0x6e,
  0x44,0xde,0x88,0xfd,0xbd,0x77,0x1a,0x98,0x1b,0xef,0x50,0x82,0xc3,0x7f,0xbc,0x57,
  0x12,0xec,0x1f,0x19,0xe0,0x55,0x4,0x20,0x79,0x85,0xf,0x84,0x68,0xaa,0x6d,0x12,
  0xca,0x9,0x22,0xea,0x8b,0xcb,0x6e,0xfe,0x7a,0xd2,0xd8,0xe4,0x72,0x75,0xf,0xc9,
  0xe6,0x47,0xe,0x3a,0xed,0xb4,0x13,0x8,0xd,0xf7,0xbc,0x15,0x75,0x19,0x47,0x47,
  0x39,0x98,0x8,0xe5,0x21,0xde,0x27,0xff,0x3a,0x4,0xca,0xb0,0xbf,0xe5,0x5e,0xae,
  0x9a,0x4f,0x2a,0xd,0xda,0x94,0xe7,0xa8,0xd3,0xe3,0x6,0x39,0x38,0x17,0xf0,0x5a,
  0xa3,0x96,0x6e,0xb0,0xd2,0x3e,0xa2,0x18,0x76,0xd4,0x1c,0x64,0x50,0xc9,0xfc,0xb1,
  0xf8,0x1b,0xae,0x91,0x1e,0xff,0x80,0x6e,0xb4,0xec,0xad,0x8e,0xd3,0x4e,0x18,0xbf,
  0xd9,0x75,0x62,0x63,0x13,0xa1,0x86,0xdb,0xd,0x7b,0xaf,0xf4,0x1e,0xea,0x9f,0x25,
  0x10,0x5d,0xb4,0xc1,0x21,0xd0,0x87,0xa4,0x92,0x1b,0x40,0x96,0x47,0x5,0x5c,0x60,
  0xa9,0xed,0x97,0x70,0x5f,0xc0,0x9,0xb2,0x77,0x48,0x49,0x86,0x1b,0x6c,0xcd,0x65,
  0x6d,0x40,0xb0,0x9b,0x65,0xb6,0x68,0x3a,0x57,0x60,0x40,0xbc,0x6,0xdc,0xf8,0x15,
  0x69,0x3d,0x63,0x20,0xd3,0x55,0xa5,0xe9,0xb,0x2f,0xc1,0x10,0x7,0xf0,0x7f,0x41,
  0x3d,0x14,0x98,0x6,0x53,0x17,0x2e,0x12,0x71,0x31,0x5,
    // AnimationPage.qml
  0x0,0x0,0x5,0x9c,
  0x28,
  0xb5,0x2f,0xfd,0x60,0xc6,0x1b,0x95,0x2c,0x0,0x96,0x35,0x9c,0x25,0xf0,0x94,0xdb,
  0x64,0xc5,0x48,0x29,0xb5,0x93,0x72,0xa2,0x6f,0xcb,0x25,0x49,0xa,0x45,0x1,0xbf,
  0x5,0x5e,0x1d,0x8d,0x42,0x9a,0xac,0x7,0xe7,0x76,0xae,0x5a,0x8a,0x6c,0x22,0x7c,
  0x4e,0x55,0x8e,0x0,0x91,0x0,0x91,0x0,0x4c,0x44,0xa5,0xa,0x46,0x9,0x34,0xa,
  0x89,0xd6,0x84,0x3d,0x31,0xe4,0x2c,0x7c,0xeb,0x59,0x65,0x9d,0x77,0x6f,0xe3,0x63,
  0x37,0x95,0x3e,0xb2,0xef,0xa5,0xc,0xc2,0x47,0x45,0xd2,0xbb,0xd3,0xe2,0x2a,0x89,
  0x86,0xf0,0xd3,0x80,0xb0,0xbd,0x6d,0xaa,0xf8,0xfc,0x6a,0x71,0x36,0x27,0xbe,0xf,
  0x96,0xcb,0xbe,0x1c,0x1f,0x64,0x8f,0xcf,0xe6,0xf1,0x61,0x75,0x8f,0x3c,0x28,0xdd,
  0x52,0xd0,0x0,0xc4,0xb1,0x23,0xd4,0xa1,0x4c,0xf2,0xf5,0xc9,0xf0,0xf5,0xe8,0xe7,
  0x9d,0xaf,0xf6,0x4b,0x3f,0x30,0xb6,0x5b,0xf6,0x49,0x65,0x61,0xbd,0xb8,0xca,0xdc,
  0x53,0x55,0x9d,0x90,0xa8,0xc5,0x2f,0x31,0x99,0x40,0xf2,0x23,0xc7,0x6e,0x5,0x51,
  0x4,0xfd,0xec,0xcf,0x4e,0x48,0xd8,0xfe,0xb1,0xa7,0x68,0x2,0xd2,0xde,0xbc,0xf8,
  0xb,0x7d,0xef,0xcb,0x7a,0x1,0x9c,0xb9,0xb9,0x58,0xa4,0x5,0x9,0x64,0x3c,0xad,
  0x89,0x5d,0xb9,0xbc,0xf6,0xe0,0x65,0x3d,0x95,0x78,0xc2,0xf5,0xa8,0x84,0x70,0xb9,
  0xf8,0x2b,0x15,0xb,0xeb,0x47,0x60,0x56,0xbb,0x4f,0xf7,0x41,0xa2,0xbe,0xb1,0x4,
  0x48,0x8b,0xa2,0x3e,0x1b,0x4a,0xb4,0x44,0x33,0x5c,0xc5,0xed,0x4c,0x53,0x6c,0x95,
  0xdc,0x46,0xce,0xd5,0xc6,0xd5,0x54,0x8f,0x8a,0xdd,0x98,0x63,0x90,0xc6,0x9d,0xd6,
  0x69,0xff,0x42,0xa4,0x46,0x7,0xc8,0x8d,0x1,0xc1,0x75,0x8e,0xc,0xc1,0xf0,0xdf,
  0x35,0xdb,0x21,0xe4,0x3f,0x6f,0x26,0x25,0x1a,0x5f,0xe5,0xab,0xb9,0xfa,0x23,0x95,
  0x5a,0xf4,0xdd,0xae,0xcc,0x1b,0xf2,0xf4,0x57,0xe6,0x60,0x73,0x30,0x3c,0xf2,0x36,
  0x90,0x45,0xde,0xd5,0x94,0x4a,0x50,0xec,0xf7,0xbb,0x0,0x29,0x7b,0x11,0xce,0xa8,
  0x5c,0x94,0xb5,0xbd,0xa4,0x81,0x6,0x14,0xdc,0xe,0x82,0x64,0xb8,0x6d,0x63,0x75,
  0x73,0x4,0x5c,0x28,0x8e,0x45,0xde,0x43,0x7f,0x94,0x60,0x89,0x64,0x5c,0x7f,0xfd,
  0x40,0x38,0x29,0xcd,0x68,0x25,0xaa,0x50,0x28,0xf5,0xe9,0xb4,0xd5,0x9a,0xd6,0x6b,
  0x92,0x9d,0x4a,0xd0,0xe7,0x2b,0x34,0x3e,0x8d,0xb2,0xdb,0x87,0x38,0x9f,0x80,0xe3,
  0x7b,0x0,0xf1,0x1e,0x79,0x92,0x31,0x58,0x36,0x9c,0x22,0x5f,0x15,0x21,0xed,0xe2,
  0xdb,0x60,0xf8,0xd1,0x35,0xaf,0xbe,0x2c,0xbe,0x1a,0xdc,0x96,0x72,0xe7,0xcd,0x91,
  0x30,0x4c,0xce,0xe7,0xd6,0xa5,0x97,0xd3,0x27,0x12,0x86,0x55,0xdc,0x6f,0x8c,0x11,
  0x67,0x7b,0x5,0xd2,0x96,0x93,0xf9,0xf5,0xbc,0x6f,0xb,0x1,0x14,0xaa,0xe2,0x45,
  0x4c,0x84,0x5d,0x94,0x50,0x29,0x72,0x6d,0x89,0x34,0x43,0x73,0xac,0x9e,0x1c,0xc3,
  0xcf,0x4f,0x8e,0xdd,0x99,0x62,0xbf,0x3e,0x93,0x92,0x12,0x6d,0x8f,0x33,0xa7,0x9f,
  0x15,0xe,0x8c,0xaf,0xcf,0x47,0x55,0x7c,0x72,0x59,0xa5,0x86,0xd8,0x73,0xe5,0xcc,
  0xb1,0x26,0x85,0x32,0x95,0x20,0x43,0xb8,0xbe,0x16,0x1,0x94,0xf7,0x7d,0xc9,0x9e,
  0xc9,0x44,0x19,0x17,0x3d,0x38,0x4d,0x2e,0x6e,0x44,0x7c,0x6d,0xc1,0xf8,0xda,0xce,
  0xc6,0x5b,0xfa,0x74,0xf6,0x74,0x47,0x5a,0xf6,0x5,0x83,0xcf,0x42,0x8b,0x0,0x4b,
  0x64,0x19,0xa0,0x38,0xc3,0xe8,0x2f,0x14,0x58,0xce,0xd6,0xc8,0xf8,0x5a,0xb4,0x9a,
  0x9,0xee,0xc7,0x1e,0x79,0x9,0x56,0xff,0x37,0x7,0x63,0xc0,0x12,0x2e,0x15,0x2b,
  0x58,0x94,0x70,0xae,0x1c,0xb0,0xcf,0x5,0xc3,0x30,0xa,0x10,0x94,0x1,0xf8,0xc8,
  0xad,0x2d,0x54,0x30,0x9d,0x4,0xc9,0x73,0x3d,0x98,0xa0,0x7,0x16,0xf6,0x9d,0xea,
  0x71,0x4,0x4f,0xff,0x10,0x7e,0x1e,0x76,0xb,0x2d,0x28,0xd0,0x81,0x4f,0xa8,0xc1,
  0x1d,0x42,0xa,0x91,0xc8,0x48,0x41,0x92,0x24,0xc3,0x1,0x41,0xc,0x62,0x18,0x66,
  0xa1,0x66,0xd5,0x3,0x32,0x81,0x34,0xcc,0x71,0x20,0x44,0xc,0x31,0xc4,0x8,0x98,
  0x11,0x12,0x22,0x60,0x64,0x44,0x2,0x9,0x46,0x2,0xb9,0xa0,0x30,0x2d,0xcc,0x1,
  0x91,0xe0,0x3e,0x56,0xaa,0x42,0xad,0x18,0x34,0xf1,0x27,0x6a,0x74,0xaf,0x3e,0xc6,
  0x3d,0x1d,0xac,0x99,0x6e,0xe9,0x0,0xd9,0xdf,0xf3,0x92,0x15,0x5c,0x17,0xea,0xd6,
  0xba,0x75,0xe2,0x73,0xa2,0xa5,0xaa,0x37,0x48,0xc2,0x7b,0x5a,0x6e,0xfa,0x8,0xad,
  0xeb,0xe8,0x8f,0x3,0x7,0x88,0x2,0x7f,0xc6,0x3d,0x94,0xf8,0xa6,0xe3,0xc0,0xb4,
  0x3,0x5e,0x7e,0x69,0xba,0x97,0xf6,0x19,0xc3,0xdd,0x22,0x65,0x7a,0x4b,0xb2,0xfe,
  0xea,0xac,0xd8,0x74,0x32,0xce,0x7,0x1f,0x41,0xcc,0x9d,0x52,0x95,0x5e,0x91,0xbc,
  0x94,0x15,0x2c,0x13,0xcc,0xc7,0xf6,0xe0,0x4c,0x1e,0xcb,0xcd,0xd3,0xaa,0xb4,0x31,
  0xe7,0xe2,0x34,0x81,0x76,0x46,0x8,0x82,0x3c,0xdb,0x4,0xfb,0xaa,0xac,0xcd,0xf4,
  0xe4,0x69,0x93,0x2e,0x55,0x55,0x56,0x9c,0xb6,0x36,0xe4,0xfc,0xdd,0xd3,0x4,0x7f,
  0x69,0x54,0x3c,0x25,0x3a,0x67,0x19,0x72,0x28,0x81,0xa9,0x55,0xdb,0x3e,0x7e,0xc3,
  0xf,0x76,0x49,0x34,0x5b,0x84,0x21,0xea,0x6,0x9c,0x40,0x37,0x36,0xaf,0xbf,0x2a,
  0x74,0xe8,0x8f,0x1c,0x16,0xa4,0x30,0x54,0x56,0xa9,0xe5,0x97,0x2,0x2c,0xa7,0x3d,
  0xa1,0x63,0x7f,0xdf,0xc1,0x49,0xf3,0xc1,0xfd,0x7f,0x5e,0x2f,0xa9,0x63,0x1c,0xd0,
  0xfd,0xfe,0xab,0x2b,0x22,0xbb,0x1a,0xb9,0x82,0x11,0xe2,0xe8,0xea,0x35,0x72,0xaa,
  0xf7,0x97,0x0,0x86,0x35,0x97,0xb4,0xf4,0xa9,0x39,0x78,0x1c,0x89,0x4b,0xf5,0xd1,
  0xe0,0xaa,0x10,0xeb,0x75,0xe7,0xf1,0x1d,0x3c,0x1,0x5,0xd9,0x48,0x36,0xcc,0x6e,
  0x97,0xcc,0xc1,0x31,0xc1,0x92,0x86,0xd8,0x47,0x5f,0xde,0xf,0x4,0xc9,0x9c,0xd6,
  0xec,0x17,0xf,0xf6,0x0,0x21,0x5a,0x5d,0xa1,0x7,0x1d,0x38,0x71,0xe4,0xf,0xab,
  0xe4,0xad,0xc7,0x89,0x67,0x43,0x3c,0x9f,0xcd,0x27,0xfc,0x2,0xa0,0x0,0x83,0xc8,
  0x47,0x57,0xa9,0xbf,0x1f,0x67,0xff,0xc7,0xb8,0x9e,0x67,0x87,0x94,0x46,0x97,0xa4,
  0xb1,0x8f,0xde,0x5b,0x99,0x99,0x8c,0xb,0x69,0xf4,0xcc,0x5a,0x6b,0x88,0xb4,0x4b,
  0x62,0xa0,0xa3,0x21,0x3d,0xf6,0x9a,0x3d,0x7a,0xfe,0xed,0x69,0xdc,0x3,0x11,0xa8,
  0x12,0x15,0x57,0x38,0x9a,0xd3,0x71,0x80,0x9d,0xe3,0x6d,0x8c,0xf4,0x90,0x40,0xfc,
  0xbb,0xd9,0x2c,0x71,0xdb,0x2,0xa,0xc9,0xce,0x99,0x1,0xc6,0x50,0x45,0x8a,0xc0,
  0x32,0x77,0xaf,0x45,0xc,0x60,0x52,0x25,0x53,0x65,0xbb,0x4,0x5a,0x20,0xe3,0x10,
  0xfa,0xb5,0x20,0xdb,0xf1,0xcd,0xfc,0xc,0x8c,0xf6,0xd2,0xe8,0x89,0x20,0xe2,0x43,
  0xb6,0x46,0x79,0xbd,0x50,0xef,0x14,0xed,0x35,0x2e,0x6e,0xf1,0xfe,0x63,0x20,0x5c,
  0x50,0xeb,0x50,0xb6,0x17,0xdc,0xf1,0x10,0xd6,0x8f,0x46,0x4f,0x82,0x7,0x1d,0x6b,
  0x1b,0x2d,0xd7,0x80,0xb8,0xb3,0xfb,0x45,0x30,0x60,0x4b,0x22,0x27,0x86,0x55,0xae,
  0xe0,0x15,0x0,0xe0,0x8f,0xcb,0x5d,0x61,0x88,0xe0,0x15,0x83,0x81,0x12,0xac,0x4c,
  0xf,0xf0,0x57,0x4c,0x80,0xe7,0x96,0x13,0x21,0x98,0xa3,0x8c,0xe3,0x69,0x40,0x2a,
  0xa7,0x9e,0xa5,0x3,0x33,0xfd,0x89,0xbf,0x6,0xd,0x14,0xed,0xa6,0xfc,0x25,0xe1,
  0xd1,0xb6,0xb8,0x59,0xa8,0x19,0x30,0x82,0x6a,0x14,0x37,0xd3,0xf7,0xb0,0x33,0x38,
  0x4c,0xd3,0x71,0xe0,0xbe,0x4f,0x8e,0x50,0x94,0x2e,0x1c,0xfc,0xcd,0x51,0x3a,0x60,
  0xe1,0xe6,0x30,0x8e,0xf4,0xf1,0x90,0x4,0xc1,0x7c,0x42,0x32,0x63,0xa2,0xe2,0xd2,
  0x1,0xe9,0xa3,0x4e,0x2f,0x3f,0x6e,0x66,0xd6,0x70,0x32,0x62,0xe6,0x9e,0x6,0x98,
  0x76,0x51,0x90,0x12,0x4c,0xc2,0x0,0x85,0x33,0xf9,0x1a,0x28,0xd0,0xff,0xe4,0x6a,
  0xcc,0xb8,0xbb,0x64,0x40,0x98,0x41,0xe0,0x5c,0x3d,0x0,0x37,0x94,0x4d,0x46,0xd5,
  0x45,0x18,0x29,0x61,0x89,0x19,0xed,0xb6,0xd2,0x11,0xf8,0x38,0xb6,0xd,0xd0,0xcc,
  0x66,0x87,0x42,0xf0,0xef,0x55,0xe0,0x16,0xfe,0xaa,0x9c,0xa1,0x1c,0x76,0x90,0xe0,
  0x9,0x71,0x3b,0x84,0x48,0x55,0x8,0xb0,0xd9,0x60,0x1b,0x82,0x13,0x22,0xec,0x7a,
  0xce,0x89,0x3,0xb2,0x73,0x11,0xcb,0x23,0x92,0x5e,0xd2,0x3b,0x5f,0xe2,0x6a,0xd4,
  0xec,0x1b,0x12,0x1f,0x5c,0xe,0x89,0xb4,0xfe,0xf0,0x46,0x41,0x19,0xd5,0xa4,0xa0,
  0x18,0x31,0x82,0xfb,0x66,0x34,0x22,0xd1,0x38,0x3a,0xdc,0xd5,0x64,0xfa,0xa7,0xae,
  0x3a,0x9c,0xee,0xcc,0xc7,0x1f,0x88,0xe2,0xe,0xb9,0x66,0x5b,0xb7,0x3,0x3,0x54,
  0x33,0x49,0x85,0xf4,0xb8,0x40,0xc6,0xc6,0xc4,0x98,0x12,0xa4,0xcb,0x97,0x72,0x48,
  0xd4,0xe5,0xa0,0x89,0xe9,0x9d,0xc8,0x4b,0x3a,0x9b,0x2,
    // NetworkPage.qml
  0x0,0x0,0xe,0xf1,
  0x69,
  0x6d,0x70,0x6f,0x72,0x74,0x20,0x51,0x74,0x51,0x75,0x69,0x63,0x6b,0xa,0x69,0x6d,
  0x70,0x6f,0x72,0x74,0x20,0x51,0x74,0x51,0x75,0x69,0x63,0x6b,0x2e,0x43,0x6f,0x6e,
  0x74,0x72,0x6f,0x6c,0x73,0xa,0x69,0x6d,0x70,0x6f,0x72,0x74,0x20,0x51,0x74,0x51,
  0x75,0x69,0x63,0x6b,0x2e,0x4c,0x61,0x79,0x6f,0x75,0x74,0x73,0xa,0x69,0x6d,0x70,
  0x6f,0x72,0x74,0x20,0x22,0x2e,0x2e,0x2f,0x63,0x6f,0x6d,0x70,0x6f,0x6e,0x65,0x6e,
  0x74,0x73,0x22,0xa,0xa,0x49,0x74,0x65,0x6d,0x20,0x7b,0xa,0x20,0x20,0x20,0x20,
  0x69,0x64,0x3a,0x20,0x6e,0x65,0x74,0x50,0x67,0xa,0x20,0x20,0x20,0x20,0x70,0x72,
  0x6f,0x70,0x65,0x72,0x74,0x79,0x20,0x76,0x61,0x72,0x20,0x6e,0x65,0x74,0x77,0x6f,
  0x72,0x6b,0x4c,0x69,0x73,0x74,0x3a,0x20,0x5b,0x5d,0xa,0xa,0x20,0x20,0x20,0x20,
  0x53,0x63,0x72,0x6f,0x6c,0x6c,0x56,0x69,0x65,0x77,0x20,0x7b,0x20,0x61,0x6e,0x63,
  0x68,0x6f,0x72,0x73,0x2e,0x66,0x69,0x6c,0x6c,0x3a,0x20,0x70,0x61,0x72,0x65,0x6e,
  0x74,0x3b,0x20,0x63,0x6f,0x6e,0x74,0x65,0x6e,0x74,0x57,0x69,0x64,0x74,0x68,0x3a,
  0x20,0x61,0x76,0x61,0x69,0x6c,0x61,0x62,0x6c,0x65,0x57,0x69,0x64,0x74,0x68,0xa,
  0x20,0x20,0x20,0x20,0x20,0x20,0x20,0x20,0x43,0x6f,0x6c,0x75,0x6d,0x6e,0x4c,0x61,
  0x79,0x6f,0x75,0x74,0x20,0x7b,0x20,0x77,0x69,0x64,0x74,0x68,0x3a,0x20,0x70,0x61,
  0x72,0x65,0x6e,0x74,0x2e,0x77,0x69,0x64,0x74,0x68,0x20,0x2d,0x20,0x36,0x30,0x3b,
  0x20,0x78,0x3a,0x20,0x33,0x30,0x3b,0x20,0x73,0x70,0x61,0x63,0x69,0x6e,0x67,0x3a,
  0x20,0x32,0x30,0xa,0x20,0x20,0x20,0x20,0x20,0x20,0x20,0x20,0x20,0x20,0x20,0x20,
  0x54,0x65,0x78,0x74,0x20,0x7b,0x20,0x74,0x65,0x78,0x74,0x3a,0x20,0x22,0x4e,0x65,
  0x74,0x77,0x6f,0x72,0x6b,0x22,0x3b,0x20,0x66,0x6f,0x6e,0x74,0x2e,0x70,0x69,0x78,
  0x65,0x6c,0x53,0x69,0x7a,0x65,0x3a,0x20,0x32,0x36,0x3b,0x20,0x66,0x6f,0x6e,0x74,
  0x2e,0x62,0x6f,0x6c,0x64,0x3a,0x20,0x74,0x72,0x75,0x65,0x3b,0x20,0x63,0x6f,0x6c,
  0x6f,0x72,0x3a,0x20,0x72,0x6f,0x6f,0x74,0x2e,0x63,0x54,0x65,0x78,0x74,0x3b,0x20,
  0x4c,0x61,0x79,0x6f,0x75,0x74,0x2e,0x74,0x6f,0x70,0x4d,0x61,0x72,0x67,0x69,0x6e,
  0x3a,0x20,0x33,0x30,0x20,0x7d,0xa,0xa,0x20,0x20,0x20,0x20,0x20,0x20,0x20,0x20,
  0x20,0x20,0x20,0x20,0x53,0x65,0x74,0x74,0x69,0x6e,0x67,0x73,0x47,0x72,0x6f,0x75,
  0x70,0x20,0x7b,0x20,0x74,0x69,0x74,0x6c,0x65,0x3a,0x20,0x22,0x57,0x69,0x46,0x69,
  0x22,0xa,0x20,0x20,0x20,0x20,0x20,0x20,0x20,0x20,0x20,0x20,0x20,0x20,0x20,0x20,
  0x20,0x20,0x53,0x65,0x74,0x74,0x69,0x6e,0x67,0x73,0x52,0x6f,0x77,0x20,0x7b,0x20,
  0x6c,0x61,0x62,0x65,0x6c,0x3a,0x20,0x22,0x57,0x69,0x46,0x69,0x20,0x45,0x6e,0x61,
  0x62,0x6c,0x65,0x64,0x22,0xa,0x20,0x20,0x20,0x20,0x20,0x20,0x20,0x20,0x20,0x20,
  0x20,0x20,0x20,0x20,0x20,0x20,0x20,0x20,0x20,0x20,0x53,0x77,0x69,0x74,0x63,0x68,
  0x20,0x7b,0x20,0x63,0x68,0x65,0x63,0x6b,0x65,0x64,0x3a,0x6e,0x65,0x74,0x77,0x6f,
  0x72,0x6b,0x4d,0x61,0x6e,0x61,0x67,0x65,0x72,0x2e,0x77,0x69,0x66,0x69,0x45,0x6e,
  0x61,0x62,0x6c,0x65,0x64,0x3b,0x20,0x6f,0x6e,0x43,0x68,0x65,0x63,0x6b,0x65,0x64,
  0x43,0x68,0x61,0x6e,0x67,0x65,0x64,0x3a,0x20,0x6e,0x65,0x74,0x77,0x6f,0x72,0x6b,
  0x4d,0x61,0x6e,0x61,0x67,0x65,0x72,0x2e,0x74,0x6f,0x67,0x67,0x6c,0x65,0x57,0x69,
  0x66,0x69,0x28,0x29,0x20,0x7d,0x20,0x7d,0xa,0xa,0x20,0x20,0x20,0x20,0x20,0x20,
  0x20,0x20,0x20,0x20,0x20,0x20,0x20,0x20,0x20,0x20,0x52,0x65,0x63,0x74,0x61,0x6e,
  0x67,0x6c,0x65,0x20,0x7b,0x20,0x4c,0x61,0x79,0x6f,0x75,0x74,0x2e,0x66,0x69,0x6c,
  0x6c,0x57,0x69,0x64,0x74,0x68,0x3a,0x74,0x72,0x75,0x65,0x3b,0x20,0x68,0x65,0x69,
  0x67,0x68,0x74,0x3a,0x33,0x36,0x3b,0x20,0x72,0x61,0x64,0x69,0x75,0x73,0x3a,0x36,
  0x3b,0x20,0x63,0x6f,0x6c,0x6f,0x72,0x3a,0x5f,0x73,0x63,0x6d,0x61,0x2e,0x63,0x6f,
  0x6e,0x74,0x61,0x69,0x6e,0x73,0x4d,0x6f,0x75,0x73,0x65,0x3f,0x72,0x6f,0x6f,0x74,
  0x2e,0x63,0x43,0x72,0x75,0x73,0x74,0x3a,0x72,0x6f,0x6f,0x74,0x2e,0x63,0x4d,0x61,
  0x6e,0x74,0x6c,0x65,0x3b,0x20,0x62,0x6f,0x72,0x64,0x65,0x72,0x2e,0x63,0x6f,0x6c,
  0x6f,0x72,0x3a,0x72,0x6f,0x6f,0x74,0x2e,0x63,0x53,0x75,0x72,0x66,0x61,0x63,0x65,
  0x56,0x61,0x72,0x3b,0x20,0x62,0x6f,0x72,0x64,0x65,0x72,0x2e,0x77,0x69,0x64,0x74,
  0x68,0x3a,0x31,0xa,0x20,0x20,0x20,0x20,0x20,0x20,0x20,0x20,0x20,0x20,0x20,0x20,
  0x20,0x20,0x20,0x20,0x20,0x20,0x20,0x20,0x54,0x65,0x78,0x74,0x20,0x7b,0x20,0x61,
  0x6e,0x63,0x68,0x6f,0x72,0x73,0x2e,0x63,0x65,0x6e,0x74,0x65,0x72,0x49,0x6e,0x3a,
  0x70,0x61,0x72,0x65,0x6e,0x74,0x3b,0x20,0x74,0x65,0x78,0x74,0x3a,0x22,0x53,0x63,
  0x61,0x6e,0x20,0x4e,0x65,0x74,0x77,0x6f,0x72,0x6b,0x73,0x22,0x3b,0x20,0x66,0x6f,
  0x6e,0x74,0x2e,0x70,0x69,0x78,0x65,0x6c,0x53,0x69,0x7a,0x65,0x3a,0x31,0x33,0x3b,
  0x20,0x63,0x6f,0x6c,0x6f,0x72,0x3a,0x20,0x6e,0x65,0x74,0x77,0x6f,0x72,0x6b,0x4d,
  0x61,0x6e,0x61,0x67,0x65,0x72,0x2e,0x77,0x69,0x66,0x69,0x45,0x6e,0x61,0x62,0x6c,
  0x65,0x64,0x3f,0x72,0x6f,0x6f,0x74,0x2e,0x63,0x54,0x65,0x78,0x74,0x3a,0x72,0x6f,
  0x6f,0x74,0x2e,0x63,0x53,0x75,0x62,0x74,0x65,0x78,0x74,0x20,0x7d,0xa,0x20,0x20,
  0x20,0x20,0x20,0x20,0x20,0x20,0x20,0x20,0x20,0x20,0x20,0x20,0x20,0x20,0x20,0x20,
  0x20,0x20,0x4d,0x6f,0x75,0x73,0x65,0x41,0x72,0x65,0x61,0x20,0x7b,0x20,0x69,0x64,
  0x3a,0x5f,0x73,0x63,0x6d,0x61,0x3b,0x20,0x61,0x6e,0x63,0x68,0x6f,0x72,0x73,0x2e,
  0x66,0x69,0x6c,0x6c,0x3a,0x70,0x61,0x72,0x65,0x6e,0x74,0x3b,0x20,0x68,0x6f,0x76,
  0x65,0x72,0x45,0x6e,0x61,0x62,0x6c,0x65,0x64,0x3a,0x74,0x72,0x75,0x65,0x3b,0x20,
  0x63,0x75,0x72,0x73,0x6f,0x72,0x53,0x68,0x61,0x70,0x65,0x3a,0x51,0x74,0x2e,0x50,
  0x6f,0x69,0x6e,0x74,0x69,0x6e,0x67,0x48,0x61,0x6e,0x64,0x43,0x75,0x72,0x73,0x6f,
  0x72,0x3b,0x20,0x65,0x6e,0x61,0x62,0x6c,0x65,0x64,0x3a,0x6e,0x65,0x74,0x77,0x6f,
  0x72,0x6b,0x4d,0x61,0x6e,0x61,0x67,0x65,0x72,0x2e,0x77,0x69,0x66,0x69,0x45,0x6e,
  0x61,0x62,0x6c,0x65,0x64,0xa,0x20,0x20,0x20,0x20,0x20,0x20,0x20,0x20,0x20,0x20,
  0x20,0x20,0x20,0x20,0x20,0x20,0x20,0x20,0x20,0x20,0x20,0x20,0x20,0x20,0x6f,0x6e,
  0x43,0x6c,0x69,0x63,0x6b,0x65,0x64,0x3a,0x20,0x6e,0x65,0x74,0x50,0x67,0x2e,0x6e,
  0x65,0x74,0x77,0x6f,0x72,0x6b,0x4c,0x69,0x73,0x74,0x3d,0x6e,0x65,0x74,0x77,0x6f,
  0x72,0x6b,0x4d,0x61,0x6e,0x61,0x67,0x65,0x72,0x2e,0x73,0x63,0x61,0x6e,0x4e,0x65,
  0x74,0x77,0x6f,0x72,0x6b,0x73,0x28,0x29,0x20,0x7d,0x20,0x7d,0xa,0xa,0x20,0x20,
  0x20,0x20,0x20,0x20,0x20,0x20,0x20,0x20,0x20,0x20,0x20,0x20,0x20,0x20,0x52,0x65,
  0x70,0x65,0x61,0x74,0x65,0x72,0x20,0x7b,0x20,0x6d,0x6f,0x64,0x65,0x6c,0x3a,0x20,
  0x6e,0x65,0x74,0x50,0x67,0x2e,0x6e,0x65,0x74,0x77,0x6f,0x72,0x6b,0x4c,0x69,0x73,
  0x74,0xa,0x20,0x20,0x20,0x20,0x20,0x20,0x20,0x20,0x20,0x20,0x20,0x20,0x20,0x20,
  0x20,0x20,0x20,0x20,0x20,0x20,0x52,0x6f,0x77,0x4c,0x61,0x79,0x6f,0x75,0x74,0x20,
  0x7b,0x20,0x4c,0x61,0x79,0x6f,0x75,0x74,0x2e,0x66,0x69,0x6c,0x6c,0x57,0x69,0x64,
  0x74,0x68,0x3a,0x74,0x72,0x75,0x65,0x3b,0x20,0x73,0x70,0x61,0x63,0x69,0x6e,0x67,
  0x3a,0x31,0x32,0xa,0x20,0x20,0x20,0x20,0x20,0x20,0x20,0x20,0x20,0x20,0x20,0x20,
  0x20,0x20,0x20,0x20,0x20,0x20,0x20,0x20,0x20,0x20,0x20,0x20,0x54,0x65,0x78,0x74,
  0x20,0x7b,0x20,0x74,0x65,0x78,0x74,0x3a,0x22,0xf0,0x9f,0x93,0xb6,0x22,0x3b,0x20,
  0x66,0x6f,0x6e,0x74,0x2e,0x70,0x69,0x78,0x65,0x6c,0x53,0x69,0x7a,0x65,0x3a,0x31,
  0x36,0x20,0x7d,0xa,0x20,0x20,0x20,0x20,0x20,0x20,0x20,0x20,0x20,0x20,0x20,0x20,
  0x20,0x20,0x20,0x20,0x20,0x20,0x20,0x20,0x20,0x20,0x20,0x20,0x43,0x6f,0x6c,0x75,
  0x6d,0x6e,0x4c,0x61,0x79,0x6f,0x75,0x74,0x20,0x7b,0x20,0x4c,0x61,0x79,0x6f,0x75,
  0x74,0x2e,0x66,0x69,0x6c,0x6c,0x57,0x69,0x64,0x74,0x68,0x3a,0x74,0x72,0x75,0x65,
  0x3b,0x20,0x73,0x70,0x61,0x63,0x69,0x6e,0x67,0x3a,0x32,0xa,0x20,0x20,0x20,0x20,
  0x20,0x20,0x20,0x20,0x20,0x20,0x20,0x20,0x20,0x20,0x20,0x20,0x20,0x20,0x20,0x20,
  0x20,0x20,0x20,0x20,0x20,0x20,0x20,0x20,0x54,0x65,0x78,0x74,0x20,0x7b,0x20,0x74,
  0x65,0x78,0x74,0x3a,0x6d,0x6f,0x64,0x65,0x6c,0x44,0x61,0x74,0x61,0x2e,0x73,0x73,
  0x69,0x64,0x7c,0x7c,0x22,0x48,0x69,0x64,0x64,0x65,0x6e,0x22,0x3b,0x20,0x63,0x6f,
  0x6c,0x6f,0x72,0x3a,0x72,0x6f,0x6f,0x74,0x2e,0x63,0x54,0x65,0x78,0x74,0x3b,0x20,
  0x66,0x6f,0x6e,0x74,0x2e,0x70,0x69,0x78,0x65,0x6c,0x53,0x69,0x7a,0x65,0x3a,0x31,
  0x33,0x20,0x7d,0xa,0x20,0x20,0x20,0x20,0x20,0x20,0x20,0x20,0x20,0x20,0x20,0x20,
  0x20,0x20,0x20,0x20,0x20,0x20,0x20,0x20,0x20,0x20,0x20,0x20,0x20,0x20,0x20,0x20,
  0x54,0x65,0x78,0x74,0x20,0x7b,0x20,0x74,0x65,0x78,0x74,0x3a,0x28,0x6d,0x6f,0x64,
  0x65,0x6c,0x44,0x61,0x74,0x61,0x2e,0x73,0x65,0x63,0x75,0x72,0x69,0x74,0x79,0x7c,
  0x7c,0x22,0x4f,0x70,0x65,0x6e,0x22,0x29,0x2b,0x22,0x20,0xc2,0xb7,0x20,0x22,0x2b,
  0x6d,0x6f,0x64,0x65,0x6c,0x44,0x61,0x74,0x61,0x2e,0x73,0x69,0x67,0x6e,0x61,0x6c,
  0x2b,0x22,0x25,0x22,0x3b,0x20,0x63,0x6f,0x6c,0x6f,0x72,0x3a,0x72,0x6f,0x6f,0x74,
  0x2e,0x63,0x53,0x75,0x62,0x74,0x65,0x78,0x74,0x3b,0x20,0x66,0x6f,0x6e,0x74,0x2e,
  0x70,0x69,0x78,0x65,0x6c,0x53,0x69,0x7a,0x65,0x3a,0x31,0x31,0x20,0x7d,0x20,0x7d,
  0xa,0x20,0x20,0x20,0x20,0x20,0x20,0x20,0x20,0x20,0x20,0x20,0x20,0x20,0x20,0x20,
  0x20,0x20,0x20,0x20,0x20,0x20,0x20,0x20,0x20,0x52,0x65,0x63,0x74,0x61,0x6e,0x67,
  0x6c,0x65,0x20,0x7b,0x20,0x77,0x69,0x64,0x74,0x68,0x3a,0x38,0x30,0x3b,0x20,0x68,
  0x65,0x69,0x67,0x68,0x74,0x3a,0x33,0x30,0x3b,0x20,0x72,0x61,0x64,0x69,0x75,0x73,
  0x3a,0x36,0x3b,0x20,0x63,0x6f,0x6c,0x6f,0x72,0x3a,0x5f,0x63,0x6e,0x6d,0x61,0x2e,
  0x63,0x6f,0x6e,0x74,0x61,0x69,0x6e,0x73,0x4d,0x6f,0x75,0x73,0x65,0x3f,0x51,0x74,
  0x2e,0x6c,0x69,0x67,0x68,0x74,0x65,0x72,0x28,0x72,0x6f,0x6f,0x74,0x2e,0x63,0x41,
  0x63,0x63,0x65,0x6e,0x74,0x2c,0x31,0x2e,0x31,0x29,0x3a,0x72,0x6f,0x6f,0x74,0x2e,
  0x63,0x41,0x63,0x63,0x65,0x6e,0x74,0xa,0x20,0x20,0x20,0x20,0x20,0x20,0x20,0x20,
  0x20,0x20,0x20,0x20,0x20,0x20,0x20,0x20,0x20,0x20,0x20,0x20,0x20,0x20,0x20,0x20,
  0x20,0x20,0x20,0x20,0x54,0x65,0x78,0x74,0x20,0x7b,0x20,0x61,0x6e,0x63,0x68,0x6f,
  0x72,0x73,0x2e,0x63,0x65,0x6e,0x74,0x65,0x72,0x49,0x6e,0x3a,0x70,0x61,0x72,0x65,
  0x6e,0x74,0x3b,0x20,0x74,0x65,0x78,0x74,0x3a,0x22,0x43,0x6f,0x6e,0x6e,0x65,0x63,
  0x74,0x22,0x3b,0x20,0x66,0x6f,0x6e,0x74,0x2e,0x70,0x69,0x78,0x65,0x6c,0x53,0x69,
  0x7a,0x65,0x3a,0x31,0x32,0x3b,0x20,0x63,0x6f,0x6c,0x6f,0x72,0x3a,0x72,0x6f,0x6f,
  0x74,0x2e,0x63,0x4f,0x6e,0x41,0x63,0x63,0x65,0x6e,0x74,0x20,0x7d,0xa,0x20,0x20,
  0x20,0x20,0x20,0x20,0x20,0x20,0x20,0x20,0x20,0x20,0x20,0x20,0x20,0x20,0x20,0x20,
  0x20,0x20,0x20,0x20,0x20,0x20,0x20,0x20,0x20,0x20,0x4d,0x6f,0x75,0x73,0x65,0x41,
  0x72,0x65,0x61,0x20,0x7b,0x20,0x69,0x64,0x3a,0x5f,0x63,0x6e,0x6d,0x61,0x3b,0x20,
  0x61,0x6e,0x63,0x68,0x6f,0x72,0x73,0x2e,0x66,0x69,0x6c,0x6c,0x3a,0x70,0x61,0x72,
  0x65,0x6e,0x74,0x3b,0x20,0x68,0x6f,0x76,0x65,0x72,0x45,0x6e,0x61,0x62,0x6c,0x65,
  0x64,0x3a,0x74,0x72,0x75,0x65,0x3b,0x20,0x63,0x75,0x72,0x73,0x6f,0x72,0x53,0x68,
  0x61,0x70,0x65,0x3a,0x51,0x74,0x2e,0x50,0x6f,0x69,0x6e,0x74,0x69,0x6e,0x67,0x48,
  0x61,0x6e,0x64,0x43,0x75,0x72,0x73,0x6f,0x72,0xa,0x20,0x20,0x20,0x20,0x20,0x20,
  0x20,0x20,0x20,0x20,0x20,0x20,0x20,0x20,0x20,0x20,0x20,0x20,0x20,0x20,0x20,0x20,
  0x20,0x20,0x20,0x20,0x20,0x20,0x20,0x20,0x20,0x20,0x6f,0x6e,0x43,0x6c,0x69,0x63,
  0x6b,0x65,0x64,0x3a,0x20,0x7b,0x20,0x5f,0x63,0x64,0x2e,0x73,0x73,0x69,0x64,0x3d,
  0x6d,0x6f,0x64,0x65,0x6c,0x44,0x61,0x74,0x61,0x2e,0x73,0x73,0x69,0x64,0x3b,0x20,
  0x5f,0x63,0x64,0x2e,0x73,0x65,0x63,0x75,0x72,0x65,0x64,0x3d,0x28,0x6d,0x6f,0x64,
  0x65,0x6c,0x44,0x61,0x74,0x61,0x2e,0x73,0x65,0x63,0x75,0x72,0x69,0x74,0x79,0x7c,
  0x7c,0x22,0x22,0x29,0x21,0x3d,0x3d,0x22,0x22,0x3b,0x20,0x5f,0x63,0x64,0x2e,0x6f,
  0x70,0x65,0x6e,0x28,0x29,0x20,0x7d,0x20,0x7d,0x20,0x7d,0xa,0x20,0x20,0x20,0x20,
  0x20,0x20,0x20,0x20,0x20,0x20,0x20,0x20,0x20,0x20,0x20,0x20,0x20,0x20,0x20,0x20,
  0x7d,0xa,0x20,0x20,0x20,0x20,0x20,0x20,0x20,0x20,0x20,0x20,0x20,0x20,0x20,0x20,
  0x20,0x20,0x7d,0xa,0x20,0x20,0x20,0x20,0x20,0x20,0x20,0x20,0x20,0x20,0x20,0x20,
  0x7d,0xa,0x20,0x20,0x20,0x20,0x20,0x20,0x20,0x20,0x20,0x20,0x20,0x20,0x49,0x74,
  0x65,0x6d,0x20,0x7b,0x20,0x68,0x65,0x69,0x67,0x68,0x74,0x3a,0x20,0x33,0x30,0x20,
  0x7d,0xa,0x20,0x20,0x20,0x20,0x20,0x20,0x20,0x20,0x7d,0xa,0x20,0x20,0x20,0x20,
  0x7d,0xa,0xa,0x20,0x20,0x20,0x20,0x44,0x69,0x61,0x6c,0x6f,0x67,0x20,0x7b,0x20,
  0x69,0x64,0x3a,0x5f,0x63,0x64,0x3b,0x20,0x61,0x6e,0x63,0x68,0x6f,0x72,0x73,0x2e,
  0x63,0x65,0x6e,0x74,0x65,0x72,0x49,0x6e,0x3a,0x70,0x61,0x72,0x65,0x6e,0x74,0x3b,
  0x20,0x6d,0x6f,0x64,0x61,0x6c,0x3a,0x74,0x72,0x75,0x65,0x3b,0x20,0x70,0x72,0x6f,
  0x70,0x65,0x72,0x74,0x79,0x20,0x73,0x74,0x72,0x69,0x6e,0x67,0x20,0x73,0x73,0x69,
  0x64,0x3a,0x22,0x22,0x3b,0x20,0x70,0x72,0x6f,0x70,0x65,0x72,0x74,0x79,0x20,0x62,
  0x6f,0x6f,0x6c,0x20,0x73,0x65,0x63,0x75,0x72,0x65,0x64,0x3a,0x74,0x72,0x75,0x65,
  0xa,0x20,0x20,0x20,0x20,0x20,0x20,0x20,0x20,0x62,0x61,0x63,0x6b,0x67,0x72,0x6f,
  0x75,0x6e,0x64,0x3a,0x20,0x52,0x65,0x63,0x74,0x61,0x6e,0x67,0x6c,0x65,0x7b,0x63,
  0x6f,0x6c,0x6f,0x72,0x3a,0x72,0x6f,0x6f,0x74,0x2e,0x63,0x4d,0x61,0x6e,0x74,0x6c,
  0x65,0x3b,0x72,0x61,0x64,0x69,0x75,0x73,0x3a,0x31,0x32,0x3b,0x62,0x6f,0x72,0x64,
  0x65,0x72,0x2e,0x63,0x6f,0x6c,0x6f,0x72,0x3a,0x72,0x6f,0x6f,0x74,0x2e,0x63,0x53,
  0x75,0x72,0x66,0x61,0x63,0x65,0x56,0x61,0x72,0x3b,0x62,0x6f,0x72,0x64,0x65,0x72,
  0x2e,0x77,0x69,0x64,0x74,0x68,0x3a,0x31,0x7d,0xa,0x20,0x20,0x20,0x20,0x20,0x20,
  0x20,0x20,0x68,0x65,0x61,0x64,0x65,0x72,0x3a,0x20,0x54,0x65,0x78,0x74,0x7b,0x74,
  0x65,0x78,0x74,0x3a,0x22,0x43,0x6f,0x6e,0x6e,0x65,0x63,0x74,0x20,0x74,0x6f,0x20,
  0x22,0x2b,0x5f,0x63,0x64,0x2e,0x73,0x73,0x69,0x64,0x3b,0x63,0x6f,0x6c,0x6f,0x72,
  0x3a,0x72,0x6f,0x6f,0x74,0x2e,0x63,0x54,0x65,0x78,0x74,0x3b,0x66,0x6f,0x6e,0x74,
  0x2e,0x70,0x69,0x78,0x65,0x6c,0x53,0x69,0x7a,0x65,0x3a,0x31,0x36,0x3b,0x66,0x6f,
  0x6e,0x74,0x2e,0x62,0x6f,0x6c,0x64,0x3a,0x74,0x72,0x75,0x65,0x3b,0x70,0x61,0x64,
  0x64,0x69,0x6e,0x67,0x3a,0x31,0x36,0x7d,0xa,0x20,0x20,0x20,0x20,0x20,0x20,0x20,
  0x20,0x43,0x6f,0x6c,0x75,0x6d,0x6e,0x4c,0x61,0x79,0x6f,0x75,0x74,0x20,0x7b,0x20,
  0x73,0x70,0x61,0x63,0x69,0x6e,0x67,0x3a,0x31,0x32,0x3b,0x20,0x77,0x69,0x64,0x74,
  0x68,0x3a,0x33,0x30,0x30,0xa,0x20,0x20,0x20,0x20,0x20,0x20,0x20,0x20,0x20,0x20,
  0x20,0x20,0x54,0x65,0x78,0x74,0x46,0x69,0x65,0x6c,0x64,0x20,0x7b,0x20,0x69,0x64,
  0x3a,0x5f,0x70,0x77,0x3b,0x20,0x4c,0x61,0x79,0x6f,0x75,0x74,0x2e,0x66,0x69,0x6c,
  0x6c,0x57,0x69,0x64,0x74,0x68,0x3a,0x74,0x72,0x75,0x65,0x3b,0x20,0x76,0x69,0x73,
  0x69,0x62,0x6c,0x65,0x3a,0x5f,0x63,0x64,0x2e,0x73,0x65,0x63,0x75,0x72,0x65,0x64,
  0x3b,0x20,0x65,0x63,0x68,0x6f,0x4d,0x6f,0x64,0x65,0x3a,0x54,0x65,0x78,0x74,0x49,
  0x6e,0x70,0x75,0x74,0x2e,0x50,0x61,0x73,0x73,0x77,0x6f,0x72,0x64,0x3b,0x20,0x70,
  0x6c,0x61,0x63,0x65,0x68,0x6f,0x6c,0x64,0x65,0x72,0x54,0x65,0x78,0x74,0x3a,0x22,
  0x50,0x61,0x73,0x73,0x77,0x6f,0x72,0x64,0x22,0xa,0x20,0x20,0x20,0x20,0x20,0x20,
  0x20,0x20,0x20,0x20,0x20,0x20,0x20,0x20,0x20,0x20,0x66,0x6f,0x6e,0x74,0x2e,0x70,
  0x69,0x78,0x65,0x6c,0x53,0x69,0x7a,0x65,0x3a,0x31,0x32,0x3b,0x20,0x63,0x6f,0x6c,
  0x6f,0x72,0x3a,0x72,0x6f,0x6f,0x74,0x2e,0x63,0x54,0x65,0x78,0x74,0x3b,0x20,0x62,
  0x61,0x63,0x6b,0x67,0x72,0x6f,0x75,0x6e,0x64,0x3a,0x52,0x65,0x63,0x74,0x61,0x6e,
  0x67,0x6c,0x65,0x7b,0x63,0x6f,0x6c,0x6f,0x72,0x3a,0x72,0x6f,0x6f,0x74,0x2e,0x63,
  0x43,0x72,0x75,0x73,0x74,0x3b,0x72,0x61,0x64,0x69,0x75,0x73,0x3a,0x36,0x3b,0x62,
  0x6f,0x72,0x64,0x65,0x72,0x2e,0x63,0x6f,0x6c,0x6f,0x72,0x3a,0x72,0x6f,0x6f,0x74,
  0x2e,0x63,0x53,0x75,0x72,0x66,0x61,0x63,0x65,0x56,0x61,0x72,0x3b,0x62,0x6f,0x72,
  0x64,0x65,0x72,0x2e,0x77,0x69,0x64,0x74,0x68,0x3a,0x31,0x7d,0x20,0x7d,0xa,0x20,
  0x20,0x20,0x20,0x20,0x20,0x20,0x20,0x20,0x20,0x20,0x20,0x52,0x6f,0x77,0x4c,0x61,
  0x79,0x6f,0x75,0x74,0x20,0x7b,0x20,0x4c,0x61,0x79,0x6f,0x75,0x74,0x2e,0x61,0x6c,
  0x69,0x67,0x6e,0x6d,0x65,0x6e,0x74,0x3a,0x51,0x74,0x2e,0x41,0x6c,0x69,0x67,0x6e,
  0x52,0x69,0x67,0x68,0x74,0x3b,0x20,0x73,0x70,0x61,0x63,0x69,0x6e,0x67,0x3a,0x38,
  0xa,0x20,0x20,0x20,0x20,0x20,0x20,0x20,0x20,0x20,0x20,0x20,0x20,0x20,0x20,0x20,
  0x20,0x52,0x65,0x63,0x74,0x61,0x6e,0x67,0x6c,0x65,0x20,0x7b,0x20,0x77,0x69,0x64,
  0x74,0x68,0x3a,0x37,0x30,0x3b,0x68,0x65,0x69,0x67,0x68,0x74,0x3a,0x33,0x32,0x3b,
  0x72,0x61,0x64,0x69,0x75,0x73,0x3a,0x36,0x3b,0x63,0x6f,0x6c,0x6f,0x72,0x3a,0x5f,
  0x63,0x63,0x6d,0x61,0x2e,0x63,0x6f,0x6e,0x74,0x61,0x69,0x6e,0x73,0x4d,0x6f,0x75,
  0x73,0x65,0x3f,0x72,0x6f,0x6f,0x74,0x2e,0x63,0x43,0x72,0x75,0x73,0x74,0x3a,0x22,
  0x74,0x72,0x61,0x6e,0x73,0x70,0x61,0x72,0x65,0x6e,0x74,0x22,0xa,0x20,0x20,0x20,
  0x20,0x20,0x20,0x20,0x20,0x20,0x20,0x20,0x20,0x20,0x20,0x20,0x20,0x20,0x20,0x20,
  0x20,0x54,0x65,0x78,0x74,0x7b,0x61,0x6e,0x63,0x68,0x6f,0x72,0x73,0x2e,0x63,0x65,
  0x6e,0x74,0x65,0x72,0x49,0x6e,0x3a,0x70,0x61,0x72,0x65,0x6e,0x74,0x3b,0x74,0x65,
  0x78,0x74,0x3a,0x22,0x43,0x61,0x6e,0x63,0x65,0x6c,0x22,0x3b,0x66,0x6f,0x6e,0x74,
  0x2e,0x70,0x69,0x78,0x65,0x6c,0x53,0x69,0x7a,0x65,0x3a,0x31,0x33,0x3b,0x63,0x6f,
  0x6c,0x6f,0x72,0x3a,0x72,0x6f,0x6f,0x74,0x2e,0x63,0x54,0x65,0x78,0x74,0x7d,0xa,
  0x20,0x20,0x20,0x20,0x20,0x20,0x20,0x20,0x20,0x20,0x20,0x20,0x20,0x20,0x20,0x20,
  0x20,0x20,0x20,0x20,0x4d,0x6f,0x75,0x73,0x65,0x41,0x72,0x65,0x61,0x7b,0x69,0x64,
  0x3a,0x5f,0x63,0x63,0x6d,0x61,0x3b,0x61,0x6e,0x63,0x68,0x6f,0x72,0x73,0x2e,0x66,
  0x69,0x6c,0x6c,0x3a,0x70,0x61,0x72,0x65,0x6e,0x74,0x3b,0x68,0x6f,0x76,0x65,0x72,
  0x45,0x6e,0x61,0x62,0x6c,0x65,0x64,0x3a,0x74,0x72,0x75,0x65,0x3b,0x63,0x75,0x72,
  0x73,0x6f,0x72,0x53,0x68,0x61,0x70,0x65,0x3a,0x51,0x74,0x2e,0x50,0x6f,0x69,0x6e,
  0x74,0x69,0x6e,0x67,0x48,0x61,0x6e,0x64,0x43,0x75,0x72,0x73,0x6f,0x72,0x3b,0x6f,
  0x6e,0x43,0x6c,0x69,0x63,0x6b,0x65,0x64,0x3a,0x5f,0x63,0x64,0x2e,0x63,0x6c,0x6f,
  0x73,0x65,0x28,0x29,0x7d,0x20,0x7d,0xa,0x20,0x20,0x20,0x20,0x20,0x20,0x20,0x20,
  0x20,0x20,0x20,0x20,0x20,0x20,0x20,0x20,0x52,0x65,0x63,0x74,0x61,0x6e,0x67,0x6c,
  0x65,0x20,0x7b,0x20,0x77,0x69,0x64,0x74,0x68,0x3a,0x38,0x30,0x3b,0x68,0x65,0x69,
  0x67,0x68,0x74,0x3a,0x33,0x32,0x3b,0x72,0x61,0x64,0x69,0x75,0x73,0x3a,0x36,0x3b,
  0x63,0x6f,0x6c,0x6f,0x72,0x3a,0x5f,0x63,0x78,0x6d,0x61,0x2e,0x63,0x6f,0x6e,0x74,
  0x61,0x69,0x6e,0x73,0x4d,0x6f,0x75,0x73,0x65,0x3f,0x51,0x74,0x2e,0x6c,0x69,0x67,
  0x68,0x74,0x65,0x72,0x28,0x72,0x6f,0x6f,0x74,0x2e,0x63,0x41,0x63,0x63,0x65,0x6e,
  0x74,0x2c,0x31,0x2e,0x31,0x29,0x3a,0x72,0x6f,0x6f,0x74,0x2e,0x63,0x41,0x63,0x63,
  0x65,0x6e,0x74,0xa,0x20,0x20,0x20,0x20,0x20,0x20,0x20,0x20,0x20,0x20,0x20,0x20,
  0x20,0x20,0x20,0x20,0x20,0x20,0x20,0x20,0x54,0x65,0x78,0x74,0x7b,0x61,0x6e,0x63,
  0x68,0x6f,0x72,0x73,0x2e,0x63,0x65,0x6e,0x74,0x65,0x72,0x49,0x6e,0x3a,0x70,0x61,
  0x72,0x65,0x6e,0x74,0x3b,0x74,0x65,0x78,0x74,0x3a,0x22,0x43,0x6f,0x6e,0x6e,0x65,
  0x63,0x74,0x22,0x3b,0x66,0x6f,0x6e,0x74,0x2e,0x70,0x69,0x78,0x65,0x6c,0x53,0x69,
  0x7a,0x65,0x3a,0x31,0x33,0x3b,0x66,0x6f,0x6e,0x74,0x2e,0x62,0x6f,0x6c,0x64,0x3a,
  0x74,0x72,0x75,0x65,0x3b,0x63,0x6f,0x6c,0x6f,0x72,0x3a,0x72,0x6f,0x6f,0x74,0x2e,
  0x63,0x4f,0x6e,0x41,0x63,0x63,0x65,0x6e,0x74,0x7d,0xa,0x20,0x20,0x20,0x20,0x20,
  0x20,0x20,0x20,0x20,0x20,0x20,0x20,0x20,0x20,0x20,0x20,0x20,0x20,0x20,0x20,0x4d,
  0x6f,0x75,0x73,0x65,0x41,0x72,0x65,0x61,0x7b,0x69,0x64,0x3a,0x5f,0x63,0x78,0x6d,
  0x61,0x3b,0x61,0x6e,0x63,0x68,0x6f,0x72,0x73,0x2e,0x66,0x69,0x6c,0x6c,0x3a,0x70,
  0x61,0x72,0x65,0x6e,0x74,0x3b,0x68,0x6f,0x76,0x65,0x72,0x45,0x6e,0x61,0x62,0x6c,
  0x65,0x64,0x3a,0x74,0x72,0x75,0x65,0x3b,0x63,0x75,0x72,0x73,0x6f,0x72,0x53,0x68,
  0x61,0x70,0x65,0x3a,0x51,0x74,0x2e,0x50,0x6f,0x69,0x6e,0x74,0x69,0x6e,0x67,0x48,
  0x61,0x6e,0x64,0x43,0x75,0x72,0x73,0x6f,0x72,0xa,0x20,0x20,0x20,0x20,0x20,0x20,
  0x20,0x20,0x20,0x20,0x20,0x20,0x20,0x20,0x20,0x20,0x20,0x20,0x20,0x20,0x20,0x20,
  0x20,0x20,0x6f,0x6e,0x43,0x6c,0x69,0x63,0x6b,0x65,0x64,0x3a,0x7b,0x6e,0x65,0x74,
  0x77,0x6f,0x72,0x6b,0x4d,0x61,0x6e,0x61,0x67,0x65,0x72,0x2e,0x63,0x6f,0x6e,0x6e,
  0x65,0x63,0x74,0x54,0x6f,0x4e,0x65,0x74,0x77,0x6f,0x72,0x6b,0x28,0x5f,0x63,0x64,
  0x2e,0x73,0x73,0x69,0x64,0x2c,0x5f,0x70,0x77,0x2e,0x74,0x65,0x78,0x74,0x29,0x3b,
  0x5f,0x63,0x64,0x2e,0x63,0x6c,0x6f,0x73,0x65,0x28,0x29,0x7d,0x7d,0x20,0x7d,0xa,
  0x20,0x20,0x20,0x20,0x20,0x20,0x20,0x20,0x20,0x20,0x20,0x20,0x7d,0xa,0x20,0x20,
  0x20,0x20,0x20,0x20,0x20,0x20,0x7d,0xa,0x20,0x20,0x20,0x20,0x7d,0xa,0x7d,0xa,
  
    // MonitorsPage.qml
  0x0,0x0,0x7,0x43,
  0x69,
  0x6d,0x70,0x6f,0x72,0x74,0x20,0x51,0x74,0x51,0x75,0x69,0x63,0x6b,0xa,0x69,0x6d,
  0x70,0x6f,0x72,0x74,0x20,0x51,0x74,0x51,0x75,0x69,0x63,0x6b,0x2e,0x43,0x6f,0x6e,
  0x74,0x72,0x6f,0x6c,0x73,0xa,0x69,0x6d,0x70,0x6f,0x72,0x74,0x20,0x51,0x74,0x51,
  0x75,0x69,0x63,0x6b,0x2e,0x4c,0x61,0x79,0x6f,0x75,0x74,0x73,0xa,0x69,0x6d,0x70,
  0x6f,0x72,0x74,0x20,0x22,0x2e,0x2e,0x2f,0x63,0x6f,0x6d,0x70,0x6f,0x6e,0x65,0x6e,
  0x74,0x73,0x22,0xa,0xa,0x49,0x74,0x65,0x6d,0x20,0x7b,0xa,0x20,0x20,0x20,0x20,
  0x69,0x64,0x3a,0x20,0x6d,0x6f,0x6e,0x50,0x67,0xa,0x20,0x20,0x20,0x20,0x70,0x72,
  0x6f,0x70,0x65,0x72,0x74,0x79,0x20,0x76,0x61,0x72,0x20,0x6d,0x6f,0x6e,0x69,0x74,
  0x6f,0x72,0x4c,0x69,0x73,0x74,0x3a,0x20,0x5b,0x5d,0xa,0x20,0x20,0x20,0x20,0x43,
  0x6f,0x6d,0x70,0x6f,0x6e,0x65,0x6e,0x74,0x2e,0x6f,0x6e,0x43,0x6f,0x6d,0x70,0x6c,
  0x65,0x74,0x65,0x64,0x3a,0x20,0x6d,0x6f,0x6e,0x69,0x74,0x6f,0x72,0x4c,0x69,0x73,
  0x74,0x20,0x3d,0x20,0x6d,0x6f,0x6e,0x69,0x74,0x6f,0x72,0x4d,0x61,0x6e,0x61,0x67,
  0x65,0x72,0x2e,0x67,0x65,0x74,0x4d,0x6f,0x6e,0x69,0x74,0x6f,0x72,0x73,0x28,0x29,
  0xa,0xa,0x20,0x20,0x20,0x20,0x53,0x63,0x72,0x6f,0x6c,0x6c,0x56,0x69,0x65,0x77,
  0x20,0x7b,0x20,0x61,0x6e,0x63,0x68,0x6f,0x72,0x73,0x2e,0x66,0x69,0x6c,0x6c,0x3a,
  0x20,0x70,0x61,0x72,0x65,0x6e,0x74,0x3b,0x20,0x63,0x6f,0x6e,0x74,0x65,0x6e,0x74,
  0x57,0x69,0x64,0x74,0x68,0x3a,0x20,0x61,0x76,0x61,0x69,0x6c,0x61,0x62,0x6c,0x65,
  0x57,0x69,0x64,0x74,0x68,0xa,0x20,0x20,0x20,0x20,0x20,0x20,0x20,0x20,0x43,0x6f,
  0x6c,0x75,0x6d,0x6e,0x4c,0x61,0x79,0x6f,0x75,0x74,0x20,0x7b,0x20,0x77,0x69,0x64,
  0x74,0x68,0x3a,0x20,0x70,0x61,0x72,0x65,0x6e,0x74,0x2e,0x77,0x69,0x64,0x74,0x68,
  0x20,0x2d,0x20,0x36,0x30,0x3b,0x20,0x78,0x3a,0x20,0x33,0x30,0x3b,0x20,0x73,0x70,
  0x61,0x63,0x69,0x6e,0x67,0x3a,0x20,0x32,0x30,0xa,0x20,0x20,0x20,0x20,0x20,0x20,
  0x20,0x20,0x20,0x20,0x20,0x20,0x54,0x65,0x78,0x74,0x20,0x7b,0x20,0x74,0x65,0x78,
  0x74,0x3a,0x20,0x22,0x4d,0x6f,0x6e,0x69,0x74,0x6f,0x72,0x73,0x22,0x3b,0x20,0x66,
  0x6f,0x6e,0x74,0x2e,0x70,0x69,0x78,0x65,0x6c,0x53,0x69,0x7a,0x65,0x3a,0x20,0x32,
  0x36,0x3b,0x20,0x66,0x6f,0x6e,0x74,0x2e,0x62,0x6f,0x6c,0x64,0x3a,0x20,0x74,0x72,
  0x75,0x65,0x3b,0x20,0x63,0x6f,0x6c,0x6f,0x72,0x3a,0x20,0x72,0x6f,0x6f,0x74,0x2e,
  0x63,0x54,0x65,0x78,0x74,0x3b,0x20,0x4c,0x61,0x79,0x6f,0x75,0x74,0x2e,0x74,0x6f,
  0x70,0x4d,0x61,0x72,0x67,0x69,0x6e,0x3a,0x20,0x33,0x30,0x20,0x7d,0xa,0xa,0x20,
  0x20,0x20,0x20,0x20,0x20,0x20,0x20,0x20,0x20,0x20,0x20,0x52,0x65,0x63,0x74,0x61,
  0x6e,0x67,0x6c,0x65,0x20,0x7b,0x20,0x77,0x69,0x64,0x74,0x68,0x3a,0x31,0x30,0x30,
  0x3b,0x20,0x68,0x65,0x69,0x67,0x68,0x74,0x3a,0x33,0x36,0x3b,0x20,0x72,0x61,0x64,
  0x69,0x75,0x73,0x3a,0x36,0x3b,0x20,0x63,0x6f,0x6c,0x6f,0x72,0x3a,0x5f,0x72,0x66,
  0x6d,0x61,0x2e,0x63,0x6f,0x6e,0x74,0x61,0x69,0x6e,0x73,0x4d,0x6f,0x75,0x73,0x65,
  0x3f,0x72,0x6f,0x6f,0x74,0x2e,0x63,0x43,0x72,0x75,0x73,0x74,0x3a,0x72,0x6f,0x6f,
  0x74,0x2e,0x63,0x4d,0x61,0x6e,0x74,0x6c,0x65,0x3b,0x20,0x62,0x6f,0x72,0x64,0x65,
  0x72,0x2e,0x63,0x6f,0x6c,0x6f,0x72,0x3a,0x72,0x6f,0x6f,0x74,0x2e,0x63,0x53,0x75,
  0x72,0x66,0x61,0x63,0x65,0x56,0x61,0x72,0x3b,0x20,0x62,0x6f,0x72,0x64,0x65,0x72,
  0x2e,0x77,0x69,0x64,0x74,0x68,0x3a,0x31,0xa,0x20,0x20,0x20,0x20,0x20,0x20,0x20,
  0x20,0x20,0x20,0x20,0x20,0x20,0x20,0x20,0x20,0x54,0x65,0x78,0x74,0x20,0x7b,0x20,
  0x61,0x6e,0x63,0x68,0x6f,0x72,0x73,0x2e,0x63,0x65,0x6e,0x74,0x65,0x72,0x49,0x6e,
  0x3a,0x70,0x61,0x72,0x65,0x6e,0x74,0x3b,0x20,0x74,0x65,0x78,0x74,0x3a,0x22,0x52,
  0x65,0x66,0x72,0x65,0x73,0x68,0x22,0x3b,0x20,0x66,0x6f,0x6e,0x74,0x2e,0x70,0x69,
  0x78,0x65,0x6c,0x53,0x69,0x7a,0x65,0x3a,0x31,0x33,0x3b,0x20,0x63,0x6f,0x6c,0x6f,
  0x72,0x3a,0x72,0x6f,0x6f,0x74,0x2e,0x63,0x54,0x65,0x78,0x74,0x20,0x7d,0xa,0x20,
  0x20,0x20,0x20,0x20,0x20,0x20,0x20,0x20,0x20,0x20,0x20,0x20,0x20,0x20,0x20,0x4d,
  0x6f,0x75,0x73,0x65,0x41,0x72,0x65,0x61,0x20,0x7b,0x20,0x69,0x64,0x3a,0x5f,0x72,
  0x66,0x6d,0x61,0x3b,0x20,0x61,0x6e,0x63,0x68,0x6f,0x72,0x73,0x2e,0x66,0x69,0x6c,
  0x6c,0x3a,0x70,0x61,0x72,0x65,0x6e,0x74,0x3b,0x20,0x68,0x6f,0x76,0x65,0x72,0x45,
  0x6e,0x61,0x62,0x6c,0x65,0x64,0x3a,0x74,0x72,0x75,0x65,0x3b,0x20,0x63,0x75,0x72,
  0x73,0x6f,0x72,0x53,0x68,0x61,0x70,0x65,0x3a,0x51,0x74,0x2e,0x50,0x6f,0x69,0x6e,
  0x74,0x69,0x6e,0x67,0x48,0x61,0x6e,0x64,0x43,0x75,0x72,0x73,0x6f,0x72,0x3b,0x20,
  0x6f,0x6e,0x43,0x6c,0x69,0x63,0x6b,0x65,0x64,0x3a,0x20,0x6d,0x6f,0x6e,0x50,0x67,
  0x2e,0x6d,0x6f,0x6e,0x69,0x74,0x6f,0x72,0x4c,0x69,0x73,0x74,0x3d,0x6d,0x6f,0x6e,
  0x69,0x74,0x6f,0x72,0x4d,0x61,0x6e,0x61,0x67,0x65,0x72,0x2e,0x67,0x65,0x74,0x4d,
  0x6f,0x6e,0x69,0x74,0x6f,0x72,0x73,0x28,0x29,0x20,0x7d,0x20,0x7d,0xa,0xa,0x20,
  0x20,0x20,0x20,0x20,0x20,0x20,0x20,0x20,0x20,0x20,0x20,0x52,0x65,0x70,0x65,0x61,
  0x74,0x65,0x72,0x20,0x7b,0x20,0x6d,0x6f,0x64,0x65,0x6c,0x3a,0x20,0x6d,0x6f,0x6e,
  0x50,0x67,0x2e,0x6d,0x6f,0x6e,0x69,0x74,0x6f,0x72,0x4c,0x69,0x73,0x74,0xa,0x20,
  0x20,0x20,0x20,0x20,0x20,0x20,0x20,0x20,0x20,0x20,0x20,0x20,0x20,0x20,0x20,0x53,
  0x65,0x74,0x74,0x69,0x6e,0x67,0x73,0x47,0x72,0x6f,0x75,0x70,0x20,0x7b,0x20,0x74,
  0x69,0x74,0x6c,0x65,0x3a,0x20,0x6d,0x6f,0x64,0x65,0x6c,0x44,0x61,0x74,0x61,0x2e,
  0x6e,0x61,0x6d,0x65,0x7c,0x7c,0x22,0x55,0x6e,0x6b,0x6e,0x6f,0x77,0x6e,0x22,0xa,
  0x20,0x20,0x20,0x20,0x20,0x20,0x20,0x20,0x20,0x20,0x20,0x20,0x20,0x20,0x20,0x20,
  0x20,0x20,0x20,0x20,0x53,0x65,0x74,0x74,0x69,0x6e,0x67,0x73,0x52,0x6f,0x77,0x20,
  0x7b,0x20,0x6c,0x61,0x62,0x65,0x6c,0x3a,0x22,0x52,0x65,0x73,0x6f,0x6c,0x75,0x74,
  0x69,0x6f,0x6e,0x22,0x3b,0x20,0x54,0x65,0x78,0x74,0x20,0x7b,0x20,0x74,0x65,0x78,
  0x74,0x3a,0x28,0x6d,0x6f,0x64,0x65,0x6c,0x44,0x61,0x74,0x61,0x2e,0x77,0x69,0x64,
  0x74,0x68,0x7c,0x7c,0x22,0x3f,0x22,0x29,0x2b,0x22,0x78,0x22,0x2b,0x28,0x6d,0x6f,
  0x64,0x65,0x6c,0x44,0x61,0x74,0x61,0x2e,0x68,0x65,0x69,0x67,0x68,0x74,0x7c,0x7c,
  0x22,0x3f,0x22,0x29,0x3b,0x20,0x63,0x6f,0x6c,0x6f,0x72,0x3a,0x72,0x6f,0x6f,0x74,
  0x2e,0x63,0x54,0x65,0x78,0x74,0x3b,0x20,0x66,0x6f,0x6e,0x74,0x2e,0x70,0x69,0x78,
  0x65,0x6c,0x53,0x69,0x7a,0x65,0x3a,0x31,0x33,0x20,0x7d,0x20,0x7d,0xa,0x20,0x20,
  0x20,0x20,0x20,0x20,0x20,0x20,0x20,0x20,0x20,0x20,0x20,0x20,0x20,0x20,0x20,0x20,
  0x20,0x20,0x53,0x65,0x74,0x74,0x69,0x6e,0x67,0x73,0x52,0x6f,0x77,0x20,0x7b,0x20,
  0x6c,0x61,0x62,0x65,0x6c,0x3a,0x22,0x52,0x65,0x66,0x72,0x65,0x73,0x68,0x22,0x3b,
  0x20,0x54,0x65,0x78,0x74,0x20,0x7b,0x20,0x74,0x65,0x78,0x74,0x3a,0x28,0x6d,0x6f,
  0x64,0x65,0x6c,0x44,0x61,0x74,0x61,0x2e,0x72,0x65,0x66,0x72,0x65,0x73,0x68,0x7c,
  0x7c,0x22,0x3f,0x22,0x29,0x2b,0x22,0x20,0x48,0x7a,0x22,0x3b,0x20,0x63,0x6f,0x6c,
  0x6f,0x72,0x3a,0x72,0x6f,0x6f,0x74,0x2e,0x63,0x54,0x65,0x78,0x74,0x3b,0x20,0x66,
  0x6f,0x6e,0x74,0x2e,0x70,0x69,0x78,0x65,0x6c,0x53,0x69,0x7a,0x65,0x3a,0x31,0x33,
  0x20,0x7d,0x20,0x7d,0xa,0x20,0x20,0x20,0x20,0x20,0x20,0x20,0x20,0x20,0x20,0x20,
  0x20,0x20,0x20,0x20,0x20,0x20,0x20,0x20,0x20,0x53,0x65,0x74,0x74,0x69,0x6e,0x67,
  0x73,0x52,0x6f,0x77,0x20,0x7b,0x20,0x6c,0x61,0x62,0x65,0x6c,0x3a,0x22,0x53,0x63,
  0x61,0x6c,0x65,0x22,0x3b,0x20,0x54,0x65,0x78,0x74,0x20,0x7b,0x20,0x74,0x65,0x78,
  0x74,0x3a,0x28,0x6d,0x6f,0x64,0x65,0x6c,0x44,0x61,0x74,0x61,0x2e,0x73,0x63,0x61,
  0x6c,0x65,0x7c,0x7c,0x31,0x2e,0x30,0x29,0x2e,0x74,0x6f,0x46,0x69,0x78,0x65,0x64,
  0x28,0x31,0x29,0x2b,0x22,0x78,0x22,0x3b,0x20,0x63,0x6f,0x6c,0x6f,0x72,0x3a,0x72,
  0x6f,0x6f,0x74,0x2e,0x63,0x54,0x65,0x78,0x74,0x3b,0x20,0x66,0x6f,0x6e,0x74,0x2e,
  0x70,0x69,0x78,0x65,0x6c,0x53,0x69,0x7a,0x65,0x3a,0x31,0x33,0x20,0x7d,0x20,0x7d,
  0xa,0x20,0x20,0x20,0x20,0x20,0x20,0x20,0x20,0x20,0x20,0x20,0x20,0x20,0x20,0x20,
  0x20,0x20,0x20,0x20,0x20,0x53,0x65,0x74,0x74,0x69,0x6e,0x67,0x73,0x52,0x6f,0x77,
  0x20,0x7b,0x20,0x6c,0x61,0x62,0x65,0x6c,0x3a,0x22,0x45,0x6e,0x61,0x62,0x6c,0x65,
  0x64,0x22,0x3b,0x20,0x53,0x77,0x69,0x74,0x63,0x68,0x20,0x7b,0x20,0x63,0x68,0x65,
  0x63,0x6b,0x65,0x64,0x3a,0x6d,0x6f,0x64,0x65,0x6c,0x44,0x61,0x74,0x61,0x2e,0x65,
  0x6e,0x61,0x62,0x6c,0x65,0x64,0x21,0x3d,0x3d,0x66,0x61,0x6c,0x73,0x65,0x3b,0x20,
  0x6f,0x6e,0x43,0x68,0x65,0x63,0x6b,0x65,0x64,0x43,0x68,0x61,0x6e,0x67,0x65,0x64,
  0x3a,0x6d,0x6f,0x6e,0x69,0x74,0x6f,0x72,0x4d,0x61,0x6e,0x61,0x67,0x65,0x72,0x2e,
  0x73,0x65,0x74,0x4d,0x6f,0x6e,0x69,0x74,0x6f,0x72,0x45,0x6e,0x61,0x62,0x6c,0x65,
  0x64,0x28,0x6d,0x6f,0x64,0x65,0x6c,0x44,0x61,0x74,0x61,0x2e,0x6e,0x61,0x6d,0x65,
  0x2c,0x63,0x68,0x65,0x63,0x6b,0x65,0x64,0x29,0x20,0x7d,0x20,0x7d,0xa,0x20,0x20,
  0x20,0x20,0x20,0x20,0x20,0x20,0x20,0x20,0x20,0x20,0x20,0x20,0x20,0x20,0x7d,0xa,
  0x20,0x20,0x20,0x20,0x20,0x20,0x20,0x20,0x20,0x20,0x20,0x20,0x7d,0xa,0xa,0x20,
  0x20,0x20,0x20,0x20,0x20,0x20,0x20,0x20,0x20,0x20,0x20,0x54,0x65,0x78,0x74,0x20,
  0x7b,0x20,0x74,0x65,0x78,0x74,0x3a,0x22,0x4e,0x6f,0x20,0x6d,0x6f,0x6e,0x69,0x74,
  0x6f,0x72,0x73,0x20,0x64,0x65,0x74,0x65,0x63,0x74,0x65,0x64,0x22,0x3b,0x20,0x63,
  0x6f,0x6c,0x6f,0x72,0x3a,0x72,0x6f,0x6f,0x74,0x2e,0x63,0x53,0x75,0x62,0x74,0x65,
  0x78,0x74,0x3b,0x20,0x66,0x6f,0x6e,0x74,0x2e,0x70,0x69,0x78,0x65,0x6c,0x53,0x69,
  0x7a,0x65,0x3a,0x31,0x33,0x3b,0x20,0x76,0x69,0x73,0x69,0x62,0x6c,0x65,0x3a,0x6d,
  0x6f,0x6e,0x50,0x67,0x2e,0x6d,0x6f,0x6e,0x69,0x74,0x6f,0x72,0x4c,0x69,0x73,0x74,
  0x2e,0x6c,0x65,0x6e,0x67,0x74,0x68,0x3d,0x3d,0x3d,0x30,0x3b,0x20,0x4c,0x61,0x79,
  0x6f,0x75,0x74,0x2e,0x61,0x6c,0x69,0x67,0x6e,0x6d,0x65,0x6e,0x74,0x3a,0x51,0x74,
  0x2e,0x41,0x6c,0x69,0x67,0x6e,0x48,0x43,0x65,0x6e,0x74,0x65,0x72,0x20,0x7d,0xa,
  0x20,0x20,0x20,0x20,0x20,0x20,0x20,0x20,0x20,0x20,0x20,0x20,0x49,0x74,0x65,0x6d,
  0x20,0x7b,0x20,0x68,0x65,0x69,0x67,0x68,0x74,0x3a,0x20,0x33,0x30,0x20,0x7d,0xa,
  0x20,0x20,0x20,0x20,0x20,0x20,0x20,0x20,0x7d,0xa,0x20,0x20,0x20,0x20,0x7d,0xa,
  0x7d,0xa,
    // WallpaperPage.qml
  0x0,0x0,0x13,0xd,
  0x69,
  0x6d,0x70,0x6f,0x72,0x74,0x20,0x51,0x74,0x51,0x75,0x69,0x63,0x6b,0xa,0x69,0x6d,
  0x70,0x6f,0x72,0x74,0x20,0x51,0x74,0x51,0x75,0x69,0x63,0x6b,0x2e,0x43,0x6f,0x6e,
  0x74,0x72,0x6f,0x6c,0x73,0xa,0x69,0x6d,0x70,0x6f,0x72,0x74,0x20,0x51,0x74,0x51,
  0x75,0x69,0x63,0x6b,0x2e,0x4c,0x61,0x79,0x6f,0x75,0x74,0x73,0xa,0x69,0x6d,0x70,
  0x6f,0x72,0x74,0x20,0x51,0x74,0x51,0x75,0x69,0x63,0x6b,0x2e,0x44,0x69,0x61,0x6c,
  0x6f,0x67,0x73,0xa,0x69,0x6d,0x70,0x6f,0x72,0x74,0x20,0x22,0x2e,0x2e,0x2f,0x63,
  0x6f,0x6d,0x70,0x6f,0x6e,0x65,0x6e,0x74,0x73,0x22,0xa,0xa,0x49,0x74,0x65,0x6d,
  0x20,0x7b,0xa,0x20,0x20,0x20,0x20,0x69,0x64,0x3a,0x20,0x77,0x70,0x50,0x61,0x67,
  0x65,0xa,0x20,0x20,0x20,0x20,0x70,0x72,0x6f,0x70,0x65,0x72,0x74,0x79,0x20,0x73,
  0x74,0x72,0x69,0x6e,0x67,0x20,0x70,0x65,0x6e,0x64,0x69,0x6e,0x67,0x49,0x6d,0x61,
  0x67,0x65,0x3a,0x20,0x63,0x6f,0x6e,0x66,0x69,0x67,0x4d,0x61,0x6e,0x61,0x67,0x65,
  0x72,0x2e,0x62,0x67,0x49,0x6d,0x61,0x67,0x65,0x20,0x7c,0x7c,0x20,0x22,0x22,0xa,
  0xa,0x20,0x20,0x20,0x20,0x43,0x6f,0x6e,0x6e,0x65,0x63,0x74,0x69,0x6f,0x6e,0x73,
  0x20,0x7b,0xa,0x20,0x20,0x20,0x20,0x20,0x20,0x20,0x20,0x74,0x61,0x72,0x67,0x65,
  0x74,0x3a,0x20,0x63,0x6f,0x6e,0x66,0x69,0x67,0x4d,0x61,0x6e,0x61,0x67,0x65,0x72,
  0xa,0x20,0x20,0x20,0x20,0x20,0x20,0x20,0x20,0x66,0x75,0x6e,0x63,0x74,0x69,0x6f,
  0x6e,0x20,0x6f,0x6e,0x43,0x6f,0x6e,0x66,0x69,0x67,0x43,0x68,0x61,0x6e,0x67,0x65,
  0x64,0x28,0x29,0x20,0x7b,0xa,0x20,0x20,0x20,0x20,0x20,0x20,0x20,0x20,0x20,0x20,
  0x20,0x20,0x2f,0x2f,0x20,0x4f,0x6e,0x6c,0x79,0x20,0x75,0x70,0x64,0x61,0x74,0x65,
  0x20,0x66,0x72,0x6f,0x6d,0x20,0x63,0x6f,0x6e,0x66,0x69,0x67,0x4d,0x61,0x6e,0x61,
  0x67,0x65,0x72,0x20,0x69,0x66,0x20,0x77,0x65,0x20,0x64,0x6f,0x6e,0x27,0x74,0x20,
  0x68,0x61,0x76,0x65,0x20,0x61,0x20,0x70,0x65,0x6e,0x64,0x69,0x6e,0x67,0x20,0x6c,
  0x6f,0x63,0x61,0x6c,0x20,0x63,0x68,0x61,0x6e,0x67,0x65,0xa,0x20,0x20,0x20,0x20,
  0x20,0x20,0x20,0x20,0x20,0x20,0x20,0x20,0x69,0x66,0x20,0x28,0x77,0x70,0x50,0x61,
  0x67,0x65,0x2e,0x70,0x65,0x6e,0x64,0x69,0x6e,0x67,0x49,0x6d,0x61,0x67,0x65,0x20,
  0x3d,0x3d,0x3d,0x20,0x22,0x22,0x20,0x7c,0x7c,0x20,0x77,0x70,0x50,0x61,0x67,0x65,
  0x2e,0x70,0x65,0x6e,0x64,0x69,0x6e,0x67,0x49,0x6d,0x61,0x67,0x65,0x20,0x3d,0x3d,
  0x3d,0x20,0x63,0x6f,0x6e,0x66,0x69,0x67,0x4d,0x61,0x6e,0x61,0x67,0x65,0x72,0x2e,
  0x62,0x67,0x49,0x6d,0x61,0x67,0x65,0x29,0xa,0x20,0x20,0x20,0x20,0x20,0x20,0x20,
  0x20,0x20,0x20,0x20,0x20,0x20,0x20,0x20,0x20,0x77,0x70,0x50,0x61,0x67,0x65,0x2e,
  0x70,0x65,0x6e,0x64,0x69,0x6e,0x67,0x49,0x6d,0x61,0x67,0x65,0x20,0x3d,0x20,0x63,
  0x6f,0x6e,0x66,0x69,0x67,0x4d,0x61,0x6e,0x61,0x67,0x65,0x72,0x2e,0x62,0x67,0x49,
  0x6d,0x61,0x67,0x65,0x20,0x7c,0x7c,0x20,0x22,0x22,0xa,0x20,0x20,0x20,0x20,0x20,
  0x20,0x20,0x20,0x7d,0xa,0x20,0x20,0x20,0x20,0x7d,0xa,0xa,0x20,0x20,0x20,0x20,
  0x53,0x63,0x72,0x6f,0x6c,0x6c,0x56,0x69,0x65,0x77,0x20,0x7b,0x20,0x61,0x6e,0x63,
  0x68,0x6f,0x72,0x73,0x2e,0x66,0x69,0x6c,0x6c,0x3a,0x20,0x70,0x61,0x72,0x65,0x6e,
  0x74,0x3b,0x20,0x63,0x6f,0x6e,0x74,0x65,0x6e,0x74,0x57,0x69,0x64,0x74,0x68,0x3a,
  0x20,0x61,0x76,0x61,0x69,0x6c,0x61,0x62,0x6c,0x65,0x57,0x69,0x64,0x74,0x68,0xa,
  0x20,0x20,0x20,0x20,0x20,0x20,0x20,0x20,0x43,0x6f,0x6c,0x75,0x6d,0x6e,0x4c,0x61,
  0x79,0x6f,0x75,0x74,0x20,0x7b,0x20,0x77,0x69,0x64,0x74,0x68,0x3a,0x20,0x70,0x61,
  0x72,0x65,0x6e,0x74,0x2e,0x77,0x69,0x64,0x74,0x68,0x20,0x2d,0x20,0x36,0x30,0x3b,
  0x20,0x78,0x3a,0x20,0x33,0x30,0x3b,0x20,0x73,0x70,0x61,0x63,0x69,0x6e,0x67,0x3a,
  0x20,0x32,0x30,0xa,0x20,0x20,0x20,0x20,0x20,0x20,0x20,0x20,0x20,0x20,0x20,0x20,
  0x54,0x65,0x78,0x74,0x20,0x7b,0x20,0x74,0x65,0x78,0x74,0x3a,0x20,0x22,0x57,0x61,
  0x6c,0x6c,0x70,0x61,0x70,0x65,0x72,0x20,0x26,0x20,0x43,0x6f,0x6c,0x6f,0x72,0x73,
  0x22,0x3b,0x20,0x66,0x6f,0x6e,0x74,0x2e,0x70,0x69,0x78,0x65,0x6c,0x53,0x69,0x7a,
  0x65,0x3a,0x20,0x32,0x36,0x3b,0x20,0x66,0x6f,0x6e,0x74,0x2e,0x62,0x6f,0x6c,0x64,
  0x3a,0x20,0x74,0x72,0x75,0x65,0x3b,0x20,0x63,0x6f,0x6c,0x6f,0x72,0x3a,0x20,0x72,
  0x6f,0x6f,0x74,0x2e,0x63,0x54,0x65,0x78,0x74,0x3b,0x20,0x4c,0x61,0x79,0x6f,0x75,
  0x74,0x2e,0x74,0x6f,0x70,0x4d,0x61,0x72,0x67,0x69,0x6e,0x3a,0x20,0x33,0x30,0x20,
  0x7d,0xa,0xa,0x20,0x20,0x20,0x20,0x20,0x20,0x20,0x20,0x20,0x20,0x20,0x20,0x53,
  0x65,0x74,0x74,0x69,0x6e,0x67,0x73,0x47,0x72,0x6f,0x75,0x70,0x20,0x7b,0x20,0x74,
  0x69,0x74,0x6c,0x65,0x3a,0x20,0x22,0x42,0x61,0x63,0x6b,0x67,0x72,0x6f,0x75,0x6e,
  0x64,0x22,0xa,0x20,0x20,0x20,0x20,0x20,0x20,0x20,0x20,0x20,0x20,0x20,0x20,0x20,
  0x20,0x20,0x20,0x53,0x65,0x74,0x74,0x69,0x6e,0x67,0x73,0x52,0x6f,0x77,0x20,0x7b,
  0x20,0x6c,0x61,0x62,0x65,0x6c,0x3a,0x20,0x22,0x45,0x6e,0x61,0x62,0x6c,0x65,0x20,
  0x42,0x61,0x63,0x6b,0x67,0x72,0x6f,0x75,0x6e,0x64,0x22,0xa,0x20,0x20,0x20,0x20,
  0x20,0x20,0x20,0x20,0x20,0x20,0x20,0x20,0x20,0x20,0x20,0x20,0x20,0x20,0x20,0x20,
  0x53,0x77,0x69,0x74,0x63,0x68,0x20,0x7b,0x20,0x63,0x68,0x65,0x63,0x6b,0x65,0x64,
  0x3a,0x63,0x6f,0x6e,0x66,0x69,0x67,0x4d,0x61,0x6e,0x61,0x67,0x65,0x72,0x2e,0x62,
  0x67,0x45,0x6e,0x61,0x62,0x6c,0x65,0x64,0x3b,0x20,0x6f,0x6e,0x43,0x68,0x65,0x63,
  0x6b,0x65,0x64,0x43,0x68,0x61,0x6e,0x67,0x65,0x64,0x3a,0x20,0x63,0x6f,0x6e,0x66,
  0x69,0x67,0x4d,0x61,0x6e,0x61,0x67,0x65,0x72,0x2e,0x62,0x67,0x45,0x6e,0x61,0x62,
  0x6c,0x65,0x64,0x3d,0x63,0x68,0x65,0x63,0x6b,0x65,0x64,0x20,0x7d,0x20,0x7d,0xa,
  0x20,0x20,0x20,0x20,0x20,0x20,0x20,0x20,0x20,0x20,0x20,0x20,0x20,0x20,0x20,0x20,
  0x53,0x65,0x74,0x74,0x69,0x6e,0x67,0x73,0x52,0x6f,0x77,0x20,0x7b,0x20,0x6c,0x61,
  0x62,0x65,0x6c,0x3a,0x20,0x22,0x42,0x61,0x63,0x6b,0x67,0x72,0x6f,0x75,0x6e,0x64,
  0x20,0x43,0x6f,0x6c,0x6f,0x72,0x22,0xa,0x20,0x20,0x20,0x20,0x20,0x20,0x20,0x20,
  0x20,0x20,0x20,0x20,0x20,0x20,0x20,0x20,0x20,0x20,0x20,0x20,0x54,0x65,0x78,0x74,
  0x46,0x69,0x65,0x6c,0x64,0x20,0x7b,0x20,0x74,0x65,0x78,0x74,0x3a,0x63,0x6f,0x6e,
  0x66,0x69,0x67,0x4d,0x61,0x6e,0x61,0x67,0x65,0x72,0x2e,0x62,0x67,0x43,0x6f,0x6c,
  0x6f,0x72,0x3b,0x20,0x69,0x6d,0x70,0x6c,0x69,0x63,0x69,0x74,0x57,0x69,0x64,0x74,
  0x68,0x3a,0x31,0x32,0x30,0x3b,0x20,0x66,0x6f,0x6e,0x74,0x2e,0x70,0x69,0x78,0x65,
  0x6c,0x53,0x69,0x7a,0x65,0x3a,0x31,0x32,0x3b,0x20,0x63,0x6f,0x6c,0x6f,0x72,0x3a,
  0x72,0x6f,0x6f,0x74,0x2e,0x63,0x54,0x65,0x78,0x74,0xa,0x20,0x20,0x20,0x20,0x20,
  0x20,0x20,0x20,0x20,0x20,0x20,0x20,0x20,0x20,0x20,0x20,0x20,0x20,0x20,0x20,0x20,
  0x20,0x20,0x20,0x62,0x61,0x63,0x6b,0x67,0x72,0x6f,0x75,0x6e,0x64,0x3a,0x20,0x52,
  0x65,0x63,0x74,0x61,0x6e,0x67,0x6c,0x65,0x7b,0x63,0x6f,0x6c,0x6f,0x72,0x3a,0x72,
  0x6f,0x6f,0x74,0x2e,0x63,0x43,0x72,0x75,0x73,0x74,0x3b,0x72,0x61,0x64,0x69,0x75,
  0x73,0x3a,0x36,0x3b,0x62,0x6f,0x72,0x64,0x65,0x72,0x2e,0x63,0x6f,0x6c,0x6f,0x72,
  0x3a,0x72,0x6f,0x6f,0x74,0x2e,0x63,0x53,0x75,0x72,0x66,0x61,0x63,0x65,0x56,0x61,
  0x72,0x3b,0x62,0x6f,0x72,0x64,0x65,0x72,0x2e,0x77,0x69,0x64,0x74,0x68,0x3a,0x31,
  0x7d,0xa,0x20,0x20,0x20,0x20,0x20,0x20,0x20,0x20,0x20,0x20,0x20,0x20,0x20,0x20,
  0x20,0x20,0x20,0x20,0x20,0x20,0x20,0x20,0x20,0x20,0x6f,0x6e,0x45,0x64,0x69,0x74,
  0x69,0x6e,0x67,0x46,0x69,0x6e,0x69,0x73,0x68,0x65,0x64,0x3a,0x20,0x63,0x6f,0x6e,
  0x66,0x69,0x67,0x4d,0x61,0x6e,0x61,0x67,0x65,0x72,0x2e,0x62,0x67,0x43,0x6f,0x6c,
  0x6f,0x72,0x3d,0x74,0x65,0x78,0x74,0x20,0x7d,0x20,0x7d,0xa,0x20,0x20,0x20,0x20,
  0x20,0x20,0x20,0x20,0x20,0x20,0x20,0x20,0x20,0x20,0x20,0x20,0x53,0x65,0x74,0x74,
  0x69,0x6e,0x67,0x73,0x52,0x6f,0x77,0x20,0x7b,0x20,0x6c,0x61,0x62,0x65,0x6c,0x3a,
  0x20,0x22,0x4d,0x6f,0x64,0x65,0x22,0xa,0x20,0x20,0x20,0x20,0x20,0x20,0x20,0x20,
  0x20,0x20,0x20,0x20,0x20,0x20,0x20,0x20,0x20,0x20,0x20,0x20,0x53,0x74,0x79,0x6c,
  0x65,0x64,0x43,0x6f,0x6d,0x62,0x6f,0x42,0x6f,0x78,0x20,0x7b,0x20,0x6d,0x6f,0x64,
  0x65,0x6c,0x3a,0x5b,0x22,0x66,0x69,0x6c,0x6c,0x22,0x2c,0x22,0x66,0x69,0x74,0x22,
  0x2c,0x22,0x73,0x74,0x72,0x65,0x74,0x63,0x68,0x22,0x2c,0x22,0x63,0x65,0x6e,0x74,
  0x65,0x72,0x22,0x2c,0x22,0x74,0x69,0x6c,0x65,0x22,0x2c,0x22,0x63,0x6f,0x6c,0x6f,
  0x72,0x22,0x5d,0xa,0x20,0x20,0x20,0x20,0x20,0x20,0x20,0x20,0x20,0x20,0x20,0x20,
  0x20,0x20,0x20,0x20,0x20,0x20,0x20,0x20,0x20,0x20,0x20,0x20,0x63,0x75,0x72,0x72,
  0x65,0x6e,0x74,0x49,0x6e,0x64,0x65,0x78,0x3a,0x20,0x6d,0x6f,0x64,0x65,0x6c,0x2e,
  0x69,0x6e,0x64,0x65,0x78,0x4f,0x66,0x28,0x63,0x6f,0x6e,0x66,0x69,0x67,0x4d,0x61,
  0x6e,0x61,0x67,0x65,0x72,0x2e,0x62,0x67,0x4d,0x6f,0x64,0x65,0x29,0x3b,0x20,0x6f,
  0x6e,0x41,0x63,0x74,0x69,0x76,0x61,0x74,0x65,0x64,0x3a,0x20,0x63,0x6f,0x6e,0x66,
  0x69,0x67,0x4d,0x61,0x6e,0x61,0x67,0x65,0x72,0x2e,0x62,0x67,0x4d,0x6f,0x64,0x65,
  0x3d,0x63,0x75,0x72,0x72,0x65,0x6e,0x74,0x54,0x65,0x78,0x74,0x20,0x7d,0x20,0x7d,
  0xa,0x20,0x20,0x20,0x20,0x20,0x20,0x20,0x20,0x20,0x20,0x20,0x20,0x7d,0xa,0xa,
  0x20,0x20,0x20,0x20,0x20,0x20,0x20,0x20,0x20,0x20,0x20,0x20,0x53,0x65,0x74,0x74,
  0x69,0x6e,0x67,0x73,0x47,0x72,0x6f,0x75,0x70,0x20,0x7b,0x20,0x74,0x69,0x74,0x6c,
  0x65,0x3a,0x20,0x22,0x57,0x61,0x6c,0x6c,0x70,0x61,0x70,0x65,0x72,0x20,0x49,0x6d,
  0x61,0x67,0x65,0x22,0xa,0x20,0x20,0x20,0x20,0x20,0x20,0x20,0x20,0x20,0x20,0x20,
  0x20,0x20,0x20,0x20,0x20,0x52,0x65,0x63,0x74,0x61,0x6e,0x67,0x6c,0x65,0x20,0x7b,
  0x20,0x4c,0x61,0x79,0x6f,0x75,0x74,0x2e,0x66,0x69,0x6c,0x6c,0x57,0x69,0x64,0x74,
  0x68,0x3a,0x74,0x72,0x75,0x65,0x3b,0x20,0x4c,0x61,0x79,0x6f,0x75,0x74,0x2e,0x70,
  0x72,0x65,0x66,0x65,0x72,0x72,0x65,0x64,0x48,0x65,0x69,0x67,0x68,0x74,0x3a,0x32,
  0x32,0x30,0x3b,0x20,0x72,0x61,0x64,0x69,0x75,0x73,0x3a,0x38,0x3b,0x20,0x63,0x6f,
  0x6c,0x6f,0x72,0x3a,0x72,0x6f,0x6f,0x74,0x2e,0x63,0x43,0x72,0x75,0x73,0x74,0x3b,
  0x20,0x63,0x6c,0x69,0x70,0x3a,0x74,0x72,0x75,0x65,0xa,0x20,0x20,0x20,0x20,0x20,
  0x20,0x20,0x20,0x20,0x20,0x20,0x20,0x20,0x20,0x20,0x20,0x20,0x20,0x20,0x20,0x49,
  0x6d,0x61,0x67,0x65,0x20,0x7b,0xa,0x20,0x20,0x20,0x20,0x20,0x20,0x20,0x20,0x20,
  0x20,0x20,0x20,0x20,0x20,0x20,0x20,0x20,0x20,0x20,0x20,0x20,0x20,0x20,0x20,0x61,
  0x6e,0x63,0x68,0x6f,0x72,0x73,0x2e,0x66,0x69,0x6c,0x6c,0x3a,0x70,0x61,0x72,0x65,
  0x6e,0x74,0x3b,0x20,0x61,0x6e,0x63,0x68,0x6f,0x72,0x73,0x2e,0x6d,0x61,0x72,0x67,
  0x69,0x6e,0x73,0x3a,0x32,0x3b,0x20,0x66,0x69,0x6c,0x6c,0x4d,0x6f,0x64,0x65,0x3a,
  0x49,0x6d,0x61,0x67,0x65,0x2e,0x50,0x72,0x65,0x73,0x65,0x72,0x76,0x65,0x41,0x73,
  0x70,0x65,0x63,0x74,0x43,0x72,0x6f,0x70,0xa,0x20,0x20,0x20,0x20,0x20,0x20,0x20,
  0x20,0x20,0x20,0x20,0x20,0x20,0x20,0x20,0x20,0x20,0x20,0x20,0x20,0x20,0x20,0x20,
  0x20,0x73,0x6f,0x75,0x72,0x63,0x65,0x3a,0x20,0x77,0x70,0x50,0x61,0x67,0x65,0x2e,
  0x70,0x65,0x6e,0x64,0x69,0x6e,0x67,0x49,0x6d,0x61,0x67,0x65,0x20,0x3f,0x20,0x22,
  0x66,0x69,0x6c,0x65,0x3a,0x2f,0x2f,0x22,0x20,0x2b,0x20,0x77,0x70,0x50,0x61,0x67,
  0x65,0x2e,0x70,0x65,0x6e,0x64,0x69,0x6e,0x67,0x49,0x6d,0x61,0x67,0x65,0x20,0x3a,
  0x20,0x22,0x22,0xa,0x20,0x20,0x20,0x20,0x20,0x20,0x20,0x20,0x20,0x20,0x20,0x20,
  0x20,0x20,0x20,0x20,0x20,0x20,0x20,0x20,0x20,0x20,0x20,0x20,0x63,0x61,0x63,0x68,
  0x65,0x3a,0x20,0x66,0x61,0x6c,0x73,0x65,0xa,0x20,0x20,0x20,0x20,0x20,0x20,0x20,
  0x20,0x20,0x20,0x20,0x20,0x20,0x20,0x20,0x20,0x20,0x20,0x20,0x20,0x20,0x20,0x20,
  0x20,0x61,0x73,0x79,0x6e,0x63,0x68,0x72,0x6f,0x6e,0x6f,0x75,0x73,0x3a,0x20,0x74,
  0x72,0x75,0x65,0xa,0x20,0x20,0x20,0x20,0x20,0x20,0x20,0x20,0x20,0x20,0x20,0x20,
  0x20,0x20,0x20,0x20,0x20,0x20,0x20,0x20,0x7d,0xa,0x20,0x20,0x20,0x20,0x20,0x20,
  0x20,0x20,0x20,0x20,0x20,0x20,0x20,0x20,0x20,0x20,0x20,0x20,0x20,0x20,0x54,0x65,
  0x78,0x74,0x20,0x7b,0x20,0x61,0x6e,0x63,0x68,0x6f,0x72,0x73,0x2e,0x63,0x65,0x6e,
  0x74,0x65,0x72,0x49,0x6e,0x3a,0x70,0x61,0x72,0x65,0x6e,0x74,0x3b,0x20,0x74,0x65,
  0x78,0x74,0x3a,0x22,0x4e,0x6f,0x20,0x77,0x61,0x6c,0x6c,0x70,0x61,0x70,0x65,0x72,
  0x20,0x73,0x65,0x74,0x22,0x3b,0x20,0x63,0x6f,0x6c,0x6f,0x72,0x3a,0x72,0x6f,0x6f,
  0x74,0x2e,0x63,0x53,0x75,0x62,0x74,0x65,0x78,0x74,0x3b,0x20,0x76,0x69,0x73,0x69,
  0x62,0x6c,0x65,0x3a,0x20,0x21,0x77,0x70,0x50,0x61,0x67,0x65,0x2e,0x70,0x65,0x6e,
  0x64,0x69,0x6e,0x67,0x49,0x6d,0x61,0x67,0x65,0x20,0x7d,0xa,0x20,0x20,0x20,0x20,
  0x20,0x20,0x20,0x20,0x20,0x20,0x20,0x20,0x20,0x20,0x20,0x20,0x7d,0xa,0xa,0x20,
  0x20,0x20,0x20,0x20,0x20,0x20,0x20,0x20,0x20,0x20,0x20,0x20,0x20,0x20,0x20,0x52,
  0x6f,0x77,0x4c,0x61,0x79,0x6f,0x75,0x74,0x20,0x7b,0x20,0x4c,0x61,0x79,0x6f,0x75,
  0x74,0x2e,0x66,0x69,0x6c,0x6c,0x57,0x69,0x64,0x74,0x68,0x3a,0x74,0x72,0x75,0x65,
  0x3b,0x20,0x73,0x70,0x61,0x63,0x69,0x6e,0x67,0x3a,0x38,0xa,0x20,0x20,0x20,0x20,
  0x20,0x20,0x20,0x20,0x20,0x20,0x20,0x20,0x20,0x20,0x20,0x20,0x20,0x20,0x20,0x20,
  0x52,0x65,0x63,0x74,0x61,0x6e,0x67,0x6c,0x65,0x20,0x7b,0x20,0x4c,0x61,0x79,0x6f,
  0x75,0x74,0x2e,0x66,0x69,0x6c,0x6c,0x57,0x69,0x64,0x74,0x68,0x3a,0x74,0x72,0x75,
  0x65,0x3b,0x20,0x68,0x65,0x69,0x67,0x68,0x74,0x3a,0x34,0x30,0x3b,0x20,0x72,0x61,
  0x64,0x69,0x75,0x73,0x3a,0x38,0x3b,0x20,0x63,0x6f,0x6c,0x6f,0x72,0x3a,0x5f,0x73,
  0x65,0x6c,0x6d,0x61,0x2e,0x63,0x6f,0x6e,0x74,0x61,0x69,0x6e,0x73,0x4d,0x6f,0x75,
  0x73,0x65,0x3f,0x72,0x6f,0x6f,0x74,0x2e,0x63,0x43,0x72,0x75,0x73,0x74,0x3a,0x72,
  0x6f,0x6f,0x74,0x2e,0x63,0x4d,0x61,0x6e,0x74,0x6c,0x65,0x3b,0x20,0x62,0x6f,0x72,
  0x64,0x65,0x72,0x2e,0x63,0x6f,0x6c,0x6f,0x72,0x3a,0x72,0x6f,0x6f,0x74,0x2e,0x63,
  0x53,0x75,0x72,0x66,0x61,0x63,0x65,0x56,0x61,0x72,0x3b,0x20,0x62,0x6f,0x72,0x64,
  0x65,0x72,0x2e,0x77,0x69,0x64,0x74,0x68,0x3a,0x31,0xa,0x20,0x20,0x20,0x20,0x20,
  0x20,0x20,0x20,0x20,0x20,0x20,0x20,0x20,0x20,0x20,0x20,0x20,0x20,0x20,0x20,0x20,
  0x20,0x20,0x20,0x54,0x65,0x78,0x74,0x20,0x7b,0x20,0x61,0x6e,0x63,0x68,0x6f,0x72,
  0x73,0x2e,0x63,0x65,0x6e,0x74,0x65,0x72,0x49,0x6e,0x3a,0x70,0x61,0x72,0x65,0x6e,
  0x74,0x3b,0x20,0x74,0x65,0x78,0x74,0x3a,0x22,0x53,0x65,0x6c,0x65,0x63,0x74,0x20,
  0x49,0x6d,0x61,0x67,0x65,0x22,0x3b,0x20,0x66,0x6f,0x6e,0x74,0x2e,0x70,0x69,0x78,
  0x65,0x6c,0x53,0x69,0x7a,0x65,0x3a,0x31,0x33,0x3b,0x20,0x63,0x6f,0x6c,0x6f,0x72,
  0x3a,0x72,0x6f,0x6f,0x74,0x2e,0x63,0x54,0x65,0x78,0x74,0x20,0x7d,0xa,0x20,0x20,
  0x20,0x20,0x20,0x20,0x20,0x20,0x20,0x20,0x20,0x20,0x20,0x20,0x20,0x20,0x20,0x20,
  0x20,0x20,0x20,0x20,0x20,0x20,0x4d,0x6f,0x75,0x73,0x65,0x41,0x72,0x65,0x61,0x20,
  0x7b,0x20,0x69,0x64,0x3a,0x5f,0x73,0x65,0x6c,0x6d,0x61,0x3b,0x20,0x61,0x6e,0x63,
  0x68,0x6f,0x72,0x73,0x2e,0x66,0x69,0x6c,0x6c,0x3a,0x70,0x61,0x72,0x65,0x6e,0x74,
  0x3b,0x20,0x68,0x6f,0x76,0x65,0x72,0x45,0x6e,0x61,0x62,0x6c,0x65,0x64,0x3a,0x74,
  0x72,0x75,0x65,0x3b,0x20,0x63,0x75,0x72,0x73,0x6f,0x72,0x53,0x68,0x61,0x70,0x65,
  0x3a,0x51,0x74,0x2e,0x50,0x6f,0x69,0x6e,0x74,0x69,0x6e,0x67,0x48,0x61,0x6e,0x64,
  0x43,0x75,0x72,0x73,0x6f,0x72,0x3b,0x20,0x6f,0x6e,0x43,0x6c,0x69,0x63,0x6b,0x65,
  0x64,0x3a,0x5f,0x66,0x64,0x2e,0x6f,0x70,0x65,0x6e,0x28,0x29,0x20,0x7d,0x20,0x7d,
  0xa,0x20,0x20,0x20,0x20,0x20,0x20,0x20,0x20,0x20,0x20,0x20,0x20,0x20,0x20,0x20,
  0x20,0x20,0x20,0x20,0x20,0x52,0x65,0x63,0x74,0x61,0x6e,0x67,0x6c,0x65,0x20,0x7b,
  0x20,0x4c,0x61,0x79,0x6f,0x75,0x74,0x2e,0x66,0x69,0x6c,0x6c,0x57,0x69,0x64,0x74,
  0x68,0x3a,0x74,0x72,0x75,0x65,0x3b,0x20,0x68,0x65,0x69,0x67,0x68,0x74,0x3a,0x34,
  0x30,0x3b,0x20,0x72,0x61,0x64,0x69,0x75,0x73,0x3a,0x38,0xa,0x20,0x20,0x20,0x20,
  0x20,0x20,0x20,0x20,0x20,0x20,0x20,0x20,0x20,0x20,0x20,0x20,0x20,0x20,0x20,0x20,
  0x20,0x20,0x20,0x20,0x63,0x6f,0x6c,0x6f,0x72,0x3a,0x20,0x77,0x70,0x50,0x61,0x67,
  0x65,0x2e,0x70,0x65,0x6e,0x64,0x69,0x6e,0x67,0x49,0x6d,0x61,0x67,0x65,0x21,0x3d,
  0x3d,0x22,0x22,0x20,0x3f,0x20,0x28,0x5f,0x67,0x65,0x6e,0x6d,0x61,0x2e,0x63,0x6f,
  0x6e,0x74,0x61,0x69,0x6e,0x73,0x4d,0x6f,0x75,0x73,0x65,0x3f,0x51,0x74,0x2e,0x6c,
  0x69,0x67,0x68,0x74,0x65,0x72,0x28,0x72,0x6f,0x6f,0x74,0x2e,0x63,0x41,0x63,0x63,
  0x65,0x6e,0x74,0x2c,0x31,0x2e,0x31,0x29,0x3a,0x72,0x6f,0x6f,0x74,0x2e,0x63,0x41,
  0x63,0x63,0x65,0x6e,0x74,0x29,0x20,0x3a,0x20,0x72,0x6f,0x6f,0x74,0x2e,0x63,0x43,
  0x72,0x75,0x73,0x74,0xa,0x20,0x20,0x20,0x20,0x20,0x20,0x20,0x20,0x20,0x20,0x20,
  0x20,0x20,0x20,0x20,0x20,0x20,0x20,0x20,0x20,0x20,0x20,0x20,0x20,0x54,0x65,0x78,
  0x74,0x20,0x7b,0x20,0x61,0x6e,0x63,0x68,0x6f,0x72,0x73,0x2e,0x63,0x65,0x6e,0x74,
  0x65,0x72,0x49,0x6e,0x3a,0x70,0x61,0x72,0x65,0x6e,0x74,0x3b,0x20,0x74,0x65,0x78,
  0x74,0x3a,0x22,0x47,0x65,0x6e,0x65,0x72,0x61,0x74,0x65,0x20,0x4d,0x61,0x74,0x75,
  0x67,0x65,0x6e,0x20,0x43,0x6f,0x6c,0x6f,0x72,0x73,0x22,0x3b,0x20,0x66,0x6f,0x6e,
  0x74,0x2e,0x70,0x69,0x78,0x65,0x6c,0x53,0x69,0x7a,0x65,0x3a,0x31,0x33,0x3b,0x20,
  0x66,0x6f,0x6e,0x74,0x2e,0x62,0x6f,0x6c,0x64,0x3a,0x74,0x72,0x75,0x65,0xa,0x20,
  0x20,0x20,0x20,0x20,0x20,0x20,0x20,0x20,0x20,0x20,0x20,0x20,0x20,0x20,0x20,0x20,
  0x20,0x20,0x20,0x20,0x20,0x20,0x20,0x20,0x20,0x20,0x20,0x20,0x20,0x20,0x63,0x6f,
  0x6c,0x6f,0x72,0x3a,0x20,0x77,0x70,0x50,0x61,0x67,0x65,0x2e,0x70,0x65,0x6e,0x64,
  0x69,0x6e,0x67,0x49,0x6d,0x61,0x67,0x65,0x21,0x3d,0x3d,0x22,0x22,0x20,0x3f,0x20,
  0x72,0x6f,0x6f,0x74,0x2e,0x63,0x4f,0x6e,0x41,0x63,0x63,0x65,0x6e,0x74,0x20,0x3a,
  0x20,0x72,0x6f,0x6f,0x74,0x2e,0x63,0x53,0x75,0x62,0x74,0x65,0x78,0x74,0x20,0x7d,
  0xa,0x20,0x20,0x20,0x20,0x20,0x20,0x20,0x20,0x20,0x20,0x20,0x20,0x20,0x20,0x20,
  0x20,0x20,0x20,0x20,0x20,0x20,0x20,0x20,0x20,0x4d,0x6f,0x75,0x73,0x65,0x41,0x72,
  0x65,0x61,0x20,0x7b,0x20,0x69,0x64,0x3a,0x5f,0x67,0x65,0x6e,0x6d,0x61,0x3b,0x20,
  0x61,0x6e,0x63,0x68,0x6f,0x72,0x73,0x2e,0x66,0x69,0x6c,0x6c,0x3a,0x70,0x61,0x72,
  0x65,0x6e,0x74,0x3b,0x20,0x68,0x6f,0x76,0x65,0x72,0x45,0x6e,0x61,0x62,0x6c,0x65,
  0x64,0x3a,0x74,0x72,0x75,0x65,0x3b,0x20,0x63,0x75,0x72,0x73,0x6f,0x72,0x53,0x68,
  0x61,0x70,0x65,0x3a,0x51,0x74,0x2e,0x50,0x6f,0x69,0x6e,0x74,0x69,0x6e,0x67,0x48,
  0x61,0x6e,0x64,0x43,0x75,0x72,0x73,0x6f,0x72,0xa,0x20,0x20,0x20,0x20,0x20,0x20,
  0x20,0x20,0x20,0x20,0x20,0x20,0x20,0x20,0x20,0x20,0x20,0x20,0x20,0x20,0x20,0x20,
  0x20,0x20,0x20,0x20,0x20,0x20,0x20,0x20,0x20,0x20,0x20,0x20,0x20,0x20,0x65,0x6e,
  0x61,0x62,0x6c,0x65,0x64,0x3a,0x20,0x77,0x70,0x50,0x61,0x67,0x65,0x2e,0x70,0x65,
  0x6e,0x64,0x69,0x6e,0x67,0x49,0x6d,0x61,0x67,0x65,0x21,0x3d,0x3d,0x22,0x22,0x3b,
  0x20,0x6f,0x6e,0x43,0x6c,0x69,0x63,0x6b,0x65,0x64,0x3a,0x20,0x63,0x6f,0x6c,0x6f,
  0x72,0x73,0x2e,0x67,0x65,0x6e,0x65,0x72,0x61,0x74,0x65,0x46,0x72,0x6f,0x6d,0x57,
  0x61,0x6c,0x6c,0x70,0x61,0x70,0x65,0x72,0x28,0x77,0x70,0x50,0x61,0x67,0x65,0x2e,
  0x70,0x65,0x6e,0x64,0x69,0x6e,0x67,0x49,0x6d,0x61,0x67,0x65,0x29,0x20,0x7d,0x20,
  0x7d,0xa,0x20,0x20,0x20,0x20,0x20,0x20,0x20,0x20,0x20,0x20,0x20,0x20,0x20,0x20,
  0x20,0x20,0x7d,0xa,0x20,0x20,0x20,0x20,0x20,0x20,0x20,0x20,0x20,0x20,0x20,0x20,
  0x20,0x20,0x20,0x20,0x54,0x65,0x78,0x74,0x20,0x7b,0x20,0x74,0x65,0x78,0x74,0x3a,
  0x20,0x77,0x70,0x50,0x61,0x67,0x65,0x2e,0x70,0x65,0x6e,0x64,0x69,0x6e,0x67,0x49,
  0x6d,0x61,0x67,0x65,0x7c,0x7c,0x22,0x4e,0x6f,0x20,0x69,0x6d,0x61,0x67,0x65,0x20,
  0x73,0x65,0x6c,0x65,0x63,0x74,0x65,0x64,0x22,0x3b,0x20,0x66,0x6f,0x6e,0x74,0x2e,
  0x70,0x69,0x78,0x65,0x6c,0x53,0x69,0x7a,0x65,0x3a,0x31,0x31,0x3b,0x20,0x63,0x6f,
  0x6c,0x6f,0x72,0x3a,0x72,0x6f,0x6f,0x74,0x2e,0x63,0x53,0x75,0x62,0x74,0x65,0x78,
  0x74,0x3b,0x20,0x65,0x6c,0x69,0x64,0x65,0x3a,0x54,0x65,0x78,0x74,0x2e,0x45,0x6c,
  0x69,0x64,0x65,0x4d,0x69,0x64,0x64,0x6c,0x65,0x3b,0x20,0x4c,0x61,0x79,0x6f,0x75,
  0x74,0x2e,0x66,0x69,0x6c,0x6c,0x57,0x69,0x64,0x74,0x68,0x3a,0x74,0x72,0x75,0x65,
  0x20,0x7d,0xa,0x20,0x20,0x20,0x20,0x20,0x20,0x20,0x20,0x20,0x20,0x20,0x20,0x7d,
  0xa,0xa,0x20,0x20,0x20,0x20,0x20,0x20,0x20,0x20,0x20,0x20,0x20,0x20,0x2f,0x2f,
  0x20,0x50,0x61,0x6c,0x65,0x74,0x74,0x65,0x20,0x70,0x72,0x65,0x76,0x69,0x65,0x77,
  0xa,0x20,0x20,0x20,0x20,0x20,0x20,0x20,0x20,0x20,0x20,0x20,0x20,0x53,0x65,0x74,
  0x74,0x69,0x6e,0x67,0x73,0x47,0x72,0x6f,0x75,0x70,0x20,0x7b,0x20,0x74,0x69,0x74,
  0x6c,0x65,0x3a,0x20,0x22,0x43,0x6f,0x6c,0x6f,0x72,0x20,0x50,0x61,0x6c,0x65,0x74,
  0x74,0x65,0x22,0x3b,0x20,0x76,0x69,0x73,0x69,0x62,0x6c,0x65,0x3a,0x20,0x63,0x6f,
  0x6c,0x6f,0x72,0x73,0x2e,0x6c,0x6f,0x61,0x64,0x65,0x64,0xa,0x20,0x20,0x20,0x20,
  0x20,0x20,0x20,0x20,0x20,0x20,0x20,0x20,0x20,0x20,0x20,0x20,0x47,0x72,0x69,0x64,
  0x4c,0x61,0x79,0x6f,0x75,0x74,0x20,0x7b,0x20,0x4c,0x61,0x79,0x6f,0x75,0x74,0x2e,
  0x66,0x69,0x6c,0x6c,0x57,0x69,0x64,0x74,0x68,0x3a,0x74,0x72,0x75,0x65,0x3b,0x20,
  0x63,0x6f,0x6c,0x75,0x6d,0x6e,0x73,0x3a,0x36,0x3b,0x20,0x63,0x6f,0x6c,0x75,0x6d,
  0x6e,0x53,0x70,0x61,0x63,0x69,0x6e,0x67,0x3a,0x36,0x3b,0x20,0x72,0x6f,0x77,0x53,
  0x70,0x61,0x63,0x69,0x6e,0x67,0x3a,0x36,0xa,0x20,0x20,0x20,0x20,0x20,0x20,0x20,
  0x20,0x20,0x20,0x20,0x20,0x20,0x20,0x20,0x20,0x20,0x20,0x20,0x20,0x52,0x65,0x70,
  0x65,0x61,0x74,0x65,0x72,0x20,0x7b,0x20,0x6d,0x6f,0x64,0x65,0x6c,0x3a,0x20,0x5b,
  0xa,0x20,0x20,0x20,0x20,0x20,0x20,0x20,0x20,0x20,0x20,0x20,0x20,0x20,0x20,0x20,
  0x20,0x20,0x20,0x20,0x20,0x20,0x20,0x20,0x20,0x7b,0x6e,0x3a,0x22,0x50,0x72,0x69,
  0x6d,0x61,0x72,0x79,0x22,0x2c,0x63,0x3a,0x63,0x6f,0x6c,0x6f,0x72,0x73,0x2e,0x70,
  0x72,0x69,0x6d,0x61,0x72,0x79,0x7d,0x2c,0x7b,0x6e,0x3a,0x22,0x53,0x65,0x63,0x6f,
  0x6e,0x64,0x61,0x72,0x79,0x22,0x2c,0x63,0x3a,0x63,0x6f,0x6c,0x6f,0x72,0x73,0x2e,
  0x73,0x65,0x63,0x6f,0x6e,0x64,0x61,0x72,0x79,0x7d,0x2c,0x7b,0x6e,0x3a,0x22,0x54,
  0x65,0x72,0x74,0x69,0x61,0x72,0x79,0x22,0x2c,0x63,0x3a,0x63,0x6f,0x6c,0x6f,0x72,
  0x73,0x2e,0x74,0x65,0x72,0x74,0x69,0x61,0x72,0x79,0x7d,0x2c,0xa,0x20,0x20,0x20,
  0x20,0x20,0x20,0x20,0x20,0x20,0x20,0x20,0x20,0x20,0x20,0x20,0x20,0x20,0x20,0x20,
  0x20,0x20,0x20,0x20,0x20,0x7b,0x6e,0x3a,0x22,0x45,0x72,0x72,0x6f,0x72,0x22,0x2c,
  0x63,0x3a,0x63,0x6f,0x6c,0x6f,0x72,0x73,0x2e,0x65,0x72,0x72,0x6f,0x72,0x7d,0x2c,
  0x7b,0x6e,0x3a,0x22,0x42,0x47,0x22,0x2c,0x63,0x3a,0x63,0x6f,0x6c,0x6f,0x72,0x73,
  0x2e,0x62,0x61,0x63,0x6b,0x67,0x72,0x6f,0x75,0x6e,0x64,0x7d,0x2c,0x7b,0x6e,0x3a,
  0x22,0x53,0x75,0x72,0x66,0x61,0x63,0x65,0x22,0x2c,0x63,0x3a,0x63,0x6f,0x6c,0x6f,
  0x72,0x73,0x2e,0x73,0x75,0x72,0x66,0x61,0x63,0x65,0x7d,0xa,0x20,0x20,0x20,0x20,
  0x20,0x20,0x20,0x20,0x20,0x20,0x20,0x20,0x20,0x20,0x20,0x20,0x20,0x20,0x20,0x20,
  0x5d,0xa,0x20,0x20,0x20,0x20,0x20,0x20,0x20,0x20,0x20,0x20,0x20,0x20,0x20,0x20,
  0x20,0x20,0x20,0x20,0x20,0x20,0x64,0x65,0x6c,0x65,0x67,0x61,0x74,0x65,0x3a,0x20,
  0x43,0x6f,0x6c,0x75,0x6d,0x6e,0x4c,0x61,0x79,0x6f,0x75,0x74,0x20,0x7b,0x20,0x73,
  0x70,0x61,0x63,0x69,0x6e,0x67,0x3a,0x34,0xa,0x20,0x20,0x20,0x20,0x20,0x20,0x20,
  0x20,0x20,0x20,0x20,0x20,0x20,0x20,0x20,0x20,0x20,0x20,0x20,0x20,0x20,0x20,0x20,
  0x20,0x52,0x65,0x63,0x74,0x61,0x6e,0x67,0x6c,0x65,0x20,0x7b,0x20,0x77,0x69,0x64,
  0x74,0x68,0x3a,0x36,0x30,0x3b,0x68,0x65,0x69,0x67,0x68,0x74,0x3a,0x33,0x36,0x3b,
  0x72,0x61,0x64,0x69,0x75,0x73,0x3a,0x36,0x3b,0x63,0x6f,0x6c,0x6f,0x72,0x3a,0x6d,
  0x6f,0x64,0x65,0x6c,0x44,0x61,0x74,0x61,0x2e,0x63,0x3b,0x62,0x6f,0x72,0x64,0x65,
  0x72,0x2e,0x63,0x6f,0x6c,0x6f,0x72,0x3a,0x72,0x6f,0x6f,0x74,0x2e,0x63,0x53,0x75,
  0x72,0x66,0x61,0x63,0x65,0x56,0x61,0x72,0x3b,0x62,0x6f,0x72,0x64,0x65,0x72,0x2e,
  0x77,0x69,0x64,0x74,0x68,0x3a,0x31,0x20,0x7d,0xa,0x20,0x20,0x20,0x20,0x20,0x20,
  0x20,0x20,0x20,0x20,0x20,0x20,0x20,0x20,0x20,0x20,0x20,0x20,0x20,0x20,0x20,0x20,
  0x20,0x20,0x54,0x65,0x78,0x74,0x20,0x7b,0x20,0x74,0x65,0x78,0x74,0x3a,0x6d,0x6f,
  0x64,0x65,0x6c,0x44,0x61,0x74,0x61,0x2e,0x6e,0x3b,0x20,0x66,0x6f,0x6e,0x74,0x2e,
  0x70,0x69,0x78,0x65,0x6c,0x53,0x69,0x7a,0x65,0x3a,0x39,0x3b,0x20,0x63,0x6f,0x6c,
  0x6f,0x72,0x3a,0x72,0x6f,0x6f,0x74,0x2e,0x63,0x53,0x75,0x62,0x74,0x65,0x78,0x74,
  0x3b,0x20,0x4c,0x61,0x79,0x6f,0x75,0x74,0x2e,0x61,0x6c,0x69,0x67,0x6e,0x6d,0x65,
  0x6e,0x74,0x3a,0x51,0x74,0x2e,0x41,0x6c,0x69,0x67,0x6e,0x48,0x43,0x65,0x6e,0x74,
  0x65,0x72,0x20,0x7d,0xa,0x20,0x20,0x20,0x20,0x20,0x20,0x20,0x20,0x20,0x20,0x20,
  0x20,0x20,0x20,0x20,0x20,0x20,0x20,0x20,0x20,0x7d,0x7d,0xa,0x20,0x20,0x20,0x20,
  0x20,0x20,0x20,0x20,0x20,0x20,0x20,0x20,0x20,0x20,0x20,0x20,0x7d,0xa,0x20,0x20,
  0x20,0x20,0x20,0x20,0x20,0x20,0x20,0x20,0x20,0x20,0x7d,0xa,0x20,0x20,0x20,0x20,
  0x20,0x20,0x20,0x20,0x20,0x20,0x20,0x20,0x49,0x74,0x65,0x6d,0x20,0x7b,0x20,0x68,
  0x65,0x69,0x67,0x68,0x74,0x3a,0x20,0x33,0x30,0x20,0x7d,0xa,0x20,0x20,0x20,0x20,
  0x20,0x20,0x20,0x20,0x7d,0xa,0x20,0x20,0x20,0x20,0x7d,0xa,0x20,0x20,0x20,0x20,
  0x46,0x69,0x6c,0x65,0x44,0x69,0x61,0x6c,0x6f,0x67,0x20,0x7b,0x20,0x69,0x64,0x3a,
  0x5f,0x66,0x64,0x3b,0x20,0x74,0x69,0x74,0x6c,0x65,0x3a,0x22,0x53,0x65,0x6c,0x65,
  0x63,0x74,0x20,0x57,0x61,0x6c,0x6c,0x70,0x61,0x70,0x65,0x72,0x22,0x3b,0x20,0x6e,
  0x61,0x6d,0x65,0x46,0x69,0x6c,0x74,0x65,0x72,0x73,0x3a,0x5b,0x22,0x49,0x6d,0x61,
  0x67,0x65,0x73,0x20,0x28,0x2a,0x2e,0x70,0x6e,0x67,0x20,0x2a,0x2e,0x6a,0x70,0x67,
  0x20,0x2a,0x2e,0x6a,0x70,0x65,0x67,0x20,0x2a,0x2e,0x77,0x65,0x62,0x70,0x20,0x2a,
  0x2e,0x62,0x6d,0x70,0x29,0x22,0x5d,0xa,0x20,0x20,0x20,0x20,0x20,0x20,0x20,0x20,
  0x6f,0x6e,0x41,0x63,0x63,0x65,0x70,0x74,0x65,0x64,0x3a,0x20,0x7b,0xa,0x20,0x20,
  0x20,0x20,0x20,0x20,0x20,0x20,0x20,0x20,0x20,0x20,0x76,0x61,0x72,0x20,0x70,0x20,
  0x3d,0x20,0x73,0x65,0x6c,0x65,0x63,0x74,0x65,0x64,0x46,0x69,0x6c,0x65,0x2e,0x74,
  0x6f,0x53,0x74,0x72,0x69,0x6e,0x67,0x28,0x29,0x2e,0x72,0x65,0x70,0x6c,0x61,0x63,
  0x65,0x28,0x22,0x66,0x69,0x6c,0x65,0x3a,0x2f,0x2f,0x22,0x2c,0x22,0x22,0x29,0xa,
  0x20,0x20,0x20,0x20,0x20,0x20,0x20,0x20,0x20,0x20,0x20,0x20,0x77,0x70,0x50,0x61,
  0x67,0x65,0x2e,0x70,0x65,0x6e,0x64,0x69,0x6e,0x67,0x49,0x6d,0x61,0x67,0x65,0x20,
  0x3d,0x20,0x70,0xa,0x20,0x20,0x20,0x20,0x20,0x20,0x20,0x20,0x20,0x20,0x20,0x20,
  0x63,0x6f,0x6e,0x66,0x69,0x67,0x4d,0x61,0x6e,0x61,0x67,0x65,0x72,0x2e,0x62,0x67,
  0x49,0x6d,0x61,0x67,0x65,0x20,0x3d,0x20,0x70,0xa,0x20,0x20,0x20,0x20,0x20,0x20,
  0x20,0x20,0x7d,0xa,0x20,0x20,0x20,0x20,0x7d,0xa,0x7d,0xa,
    // RulesPage.qml
  0x0,0x0,0x4,0x19,
  0x28,
  0xb5,0x2f,0xfd,0x60,0x80,0xd,0x7d,0x20,0x0,0x6,0x6c,0x86,0x31,0x70,0x6d,0x3a,
  0xfc,0xff,0xff,0xff,0xff,0x5,0x80,0x68,0x13,0xdf,0x8d,0x6c,0x29,0x8d,0x9d,0x12,
  0xfd,0x28,0xdb,0x5a,0x12,0x39,0x80,0x89,0xcc,0xe4,0x6d,0x4a,0x30,0x2,0x45,0x10,
  0x31,0x15,0xf,0x54,0xda,0xe5,0xc4,0xd8,0x79,0x32,0xa0,0xa7,0x1c,0x16,0x75,0x0,
  0x74,0x0,0x7a,0x0,0x1d,0x8a,0x56,0xab,0xd3,0x39,0x4b,0x31,0xda,0xf2,0xca,0x58,
  0x90,0xc3,0x19,0x39,0xd8,0xba,0x1a,0x6a,0x8d,0xca,0xc1,0xba,0xce,0x8c,0x8f,0x2d,
  0x8a,0xb0,0x2e,0xb4,0x54,0xe5,0xb2,0x5,0xdb,0x40,0xd3,0x73,0x49,0xcf,0xac,0xd4,
  0x72,0xc3,0x32,0xf2,0x87,0xd7,0x55,0x15,0x46,0x8e,0x3a,0xbb,0x4e,0x7f,0x4b,0xd5,
  0xd9,0xcf,0xd6,0x3a,0x29,0x23,0xa7,0xd1,0xf7,0xea,0x4d,0x5e,0xd1,0x82,0x3a,0x6e,
  0x48,0xe9,0xff,0x34,0xbb,0xbb,0x92,0x68,0x3d,0x5d,0x27,0x24,0x89,0xd1,0x3a,0x7b,
  0xfa,0x33,0x68,0x8d,0xd5,0xcb,0x45,0x98,0x82,0x4a,0xff,0x3a,0x3d,0xd3,0xa4,0x90,
  0x17,0x2f,0x8c,0x8a,0xb1,0xf5,0xdd,0xf2,0xc4,0x3c,0x3d,0x56,0xcb,0x29,0x3b,0xda,
  0x91,0xe5,0x79,0xa3,0x1f,0x73,0xfe,0xd2,0xb4,0x6f,0xf8,0xbe,0xa1,0x2e,0x8e,0x5e,
  0x11,0xf2,0x53,0x95,0x5e,0x9f,0x11,0xb5,0xec,0x4c,0xae,0xaf,0x33,0xd6,0xc1,0x79,
  0xf9,0x77,0x42,0x1e,0x6f,0x56,0x3a,0xb0,0xc0,0xf8,0x61,0x59,0xcc,0xdc,0x37,0x94,
  0x5e,0xf5,0x63,0x69,0x51,0x30,0xf2,0x7f,0x38,0x18,0x57,0xb4,0x50,0x76,0x84,0x48,
  0x0,0x79,0xc6,0x4a,0xc,0x42,0x6,0xb6,0xae,0x65,0x8d,0xd6,0xe5,0x1f,0x41,0x6b,
  0x6d,0x8d,0x34,0xda,0x19,0x3b,0xcf,0x15,0x96,0xd7,0xb6,0xd4,0x6b,0xd5,0xfd,0xd7,
  0xbd,0xcb,0xbe,0xbe,0xae,0x83,0xd2,0x37,0x97,0x1e,0x89,0x1a,0x19,0x9f,0xf9,0x57,
  0xed,0xdf,0x9,0x20,0x20,0xa0,0x1,0x50,0x38,0xd1,0xc1,0xe,0x79,0x51,0x66,0xa6,
  0x67,0xe0,0x64,0x89,0x19,0xfd,0xc2,0xb5,0xc5,0x95,0xe6,0x9d,0xfe,0xf5,0xe0,0x7c,
  0xf8,0xfe,0x78,0x45,0x71,0x3f,0xc3,0xb4,0x70,0x73,0xe2,0xdb,0x4d,0x96,0x66,0x21,
  0xa8,0xb3,0xdf,0x63,0xa0,0x7c,0xcb,0x56,0x31,0x16,0x9a,0x5e,0x5e,0x41,0x67,0xe4,
  0xc6,0x9e,0xe7,0x8f,0xa5,0x2e,0x8,0xae,0x56,0x9d,0xd8,0x55,0xc5,0xf5,0x25,0xf9,
  0x63,0x71,0x5e,0x97,0xaa,0x38,0x8f,0x3f,0x5,0x85,0xbc,0x61,0x46,0xab,0x43,0xde,
  0x39,0xe8,0xec,0xfe,0x47,0xa5,0xbc,0x46,0xcb,0xa9,0x5e,0x8d,0x20,0xd,0x2,0x63,
  0x97,0x10,0xec,0x62,0x19,0x4d,0x32,0xd2,0x68,0xb4,0x53,0xa8,0xe1,0x8c,0xfd,0x71,
  0x4f,0x53,0x97,0x2,0x47,0x3d,0xef,0xff,0xf,0xac,0xc4,0xe4,0x64,0x2d,0x75,0xc3,
  0x96,0x80,0x51,0x66,0x74,0x90,0x36,0x8d,0xe8,0x8a,0x26,0x4a,0x99,0x1e,0xeb,0x9b,
  0x17,0xc7,0xc3,0x51,0xd0,0x2,0xc1,0x42,0xc7,0xc4,0x98,0x1b,0x60,0x6b,0xb0,0x6c,
  0x61,0x60,0x62,0x2,0x8c,0x84,0xa4,0x71,0x65,0x7,0xca,0xc1,0x3a,0xd9,0xd0,0x3d,
  0xdf,0x95,0xdb,0x62,0x13,0x1b,0xa8,0x6a,0x67,0xb6,0x6c,0x3f,0xc0,0x28,0x8b,0xa1,
  0x4d,0x25,0x73,0x30,0x4b,0x31,0x86,0x99,0x9e,0x2,0x21,0xb7,0xef,0xe,0x4f,0xae,
  0xe8,0x44,0xce,0xf4,0x7,0xaa,0x28,0x34,0xa,0xa2,0x5d,0xbd,0x86,0xf1,0xe8,0x18,
  0x89,0x30,0xbf,0xcf,0x1,0x80,0xce,0xa0,0x91,0xa9,0x42,0x68,0x68,0x44,0x86,0x14,
  0x24,0x95,0x65,0xd,0x20,0x84,0x10,0x84,0xac,0x8c,0x1e,0xe9,0xd0,0xde,0x46,0xd1,
  0x34,0x4c,0x40,0x22,0xf,0x9c,0x86,0x8e,0x73,0x2d,0x1e,0xc7,0xa0,0x51,0xa1,0x8c,
  0xef,0xfa,0x38,0xa3,0xaa,0x72,0x13,0xbb,0x31,0x2,0x92,0x40,0xe5,0x3e,0xbc,0xdc,
  0x18,0x59,0x2,0xe3,0x4b,0x8f,0xb0,0x55,0x59,0x8,0x32,0x7a,0xe2,0xbe,0x9c,0xb1,
  0x6f,0xc4,0x44,0xc6,0xb,0xc3,0xf4,0xf5,0x9d,0x11,0x26,0x51,0x46,0x28,0x5a,0x29,
  0x2,0xb6,0x42,0xc2,0xe5,0xf1,0xc0,0x4a,0x23,0xa0,0xc8,0xa6,0x6a,0x3c,0x52,0x6c,
  0x11,0x6c,0xd4,0x3,0xc4,0xfd,0xcd,0x59,0x44,0xc2,0x96,0xca,0xa1,0x22,0x2b,0xcb,
  0x91,0xeb,0x7d,0xd8,0xcc,0x72,0x84,0x61,0x81,0x8c,0xa2,0xb5,0xa7,0x3c,0x2d,0xd6,
  0x60,0x3a,0xc9,0x54,0x91,0x61,0xac,0x56,0x91,0x19,0xcd,0x47,0x2e,0x61,0x2,0xe,
  0x1,0x7d,0x89,0xa4,0x54,0x41,0x3a,0xc,0x79,0x64,0x92,0x40,0x45,0x52,0xe2,0xa1,
  0xb8,0x19,0x5f,0x5f,0xc8,0x16,0x2a,0x27,0x3a,0x79,0x55,0xb6,0x43,0x42,0x26,0xc1,
  0xc8,0xf3,0xb,0xae,0x60,0xc3,0x39,0x31,0x2d,0xb3,0x14,0xdf,0xc0,0xdf,0x28,0xc4,
  0x6b,0x90,0x94,0xee,0x36,0x38,0x5a,0x15,0x82,0xdc,0xa0,0xf0,0x50,0x39,0x63,0x84,
  0xef,0x15,0x87,0x80,0x8b,0xa1,0x18,0x2f,0xbb,0x19,0x99,0x5d,0x4,0xad,0x48,0x13,
  0xac,0xa7,0x21,0x29,0xbb,0xf,0x13,0x3d,0x13,0x8b,0x1e,0xb7,0x82,0xcc,0xb1,0x8f,
  0x26,0x9e,0x17,0x60,0x55,0xdc,0x2c,0xfa,0x2a,0x12,0x81,0x50,0x53,0x7d,0x98,0xcf,
  0x27,0x5b,0x70,0x18,0xb1,0xbb,0xde,0xbf,0xd,0x3e,0x47,0xa2,0xc2,0x72,0xf4,0x0,
  0xeb,0x60,0xa6,0x6a,0x9b,0xf5,0xc4,0xc4,0x95,0x3c,0xd,0xca,0xe4,0x34,0xb6,0x8,
  0x8f,0x53,0x3,0x16,0xd3,0x5a,0xf2,0xd8,0x24,0x6f,0x69,0x27,0x66,0x1b,0x67,0xf6,
  0x59,0x58,0xc9,0xdc,0x6b,0x35,0x18,0xb7,0xc4,0xa7,0x4,0x73,0xd3,0x84,0xdf,0x8f,
  0x50,0x47,0xa4,0x19,0x9e,0x8,0x5b,0xa7,0x37,0x6b,0xa8,0x20,0xa,0x54,0xa0,0xfd,
  0x3,0xf6,0x89,0xaf,0x57,0x50,0x45,0xd6,0xfa,0x23,0xbd,0xc,0x0,0xd,0xbf,0x44,
  0xab,0xb,0x4d,0xf3,0x36,0x95,0x35,0x97,0x3d,0x25,0x94,0x3,0x68,0xb0,0xda,0xf9,
  0xc4,0x82,0xc9,0x8b,0x93,0x4b,0xd8,0x3a,0x8,0x42,0xa6,0xb5,0x3f,0x7c,0x53,0xeb,
  0xee,0xfd,0x9,0x80,0xd1,0x3,0x12,0xa7,0x12,0xf7,0x13,0x28,0xf7,0xb8,0xea,0xc3,
  0x3a,0xe0,0xbb,0x64,0xcc,0xcd,0xbe,0x25,0x75,0x4,0xbc,0xd7,0xa,0x14,0x4d,0x9b,
  0xf8,0xf0,0xb0,0x92,0xc1,0xc3,0x70,0x29,0x32,0xf3,0x43,0x8,0xdc,0x6d,0x80,0x3e,
  0x85,0xac,0x4f,0x31,0x30,0xf8,0x5d,0x33,0x20,0x9c,0x26,0x13,0xa4,0x85,0x94,0x41,
  0xf8,0x29,0xf3,0xf0,0x31,0x20,0x87,0x1f,0x4c,0xcc,0xad,0x83,0x12,0x48,0x5,0xc5,
  0x6e,0xc3,0x24,0xf0,0x40,0x23,0x58,0x9e,0xe,0xc5,0x69,0x37,0xc3,0xdb,0x7a,0x81,
  0xd6,0x29,0x9e,0x15,0x12,0x89,0xcc,0xd3,
    // GeneralPage.qml
  0x0,0x0,0x2,0xe8,
  0x28,
  0xb5,0x2f,0xfd,0x60,0x48,0xc,0xf5,0x16,0x0,0x26,0x60,0x5f,0x20,0x20,0x95,0x1b,
  0xba,0x5a,0x37,0x49,0xa0,0xe4,0xe3,0x42,0xdb,0x54,0xf6,0xa0,0xf2,0xca,0xcc,0xed,
  0x59,0x2c,0x47,0xed,0xc1,0x14,0x21,0x6a,0x80,0x90,0x1,0xe7,0x1,0x55,0x0,0x54,
  0x0,0x57,0x0,0x6f,0xb4,0x57,0x21,0xb1,0x83,0xb5,0x44,0x13,0x54,0xa5,0x37,0x96,
  0x62,0xe9,0x81,0xb2,0x61,0x8,0xee,0xdb,0x1e,0xeb,0xcd,0x4f,0xfe,0xe9,0x71,0xaf,
  0x9f,0x4c,0x21,0xb7,0x4f,0xca,0xce,0xac,0x8e,0xfa,0x16,0x27,0x5c,0xd3,0x8a,0xb8,
  0x35,0x32,0x62,0x76,0x77,0x29,0xd3,0x82,0xf8,0x25,0x14,0x55,0x75,0x3f,0x79,0x7a,
  0x24,0x58,0x56,0xf5,0xd5,0x49,0x70,0xd2,0x49,0xa7,0x3f,0xbd,0x61,0x51,0x9f,0xd8,
  0xd5,0xf2,0x96,0x7d,0xea,0x1c,0xa8,0x3,0x30,0x54,0x30,0x3c,0xff,0x7,0x72,0x9a,
  0x8d,0x9c,0x31,0x9b,0x5b,0xca,0x73,0x4a,0x24,0xfb,0xa5,0xea,0x38,0xc8,0xf2,0x9b,
  0xab,0x4e,0x23,0x9d,0x36,0xfb,0x9f,0x31,0xd4,0x69,0x67,0x6b,0x14,0x52,0x38,0x7f,
  0x6b,0xaf,0x68,0xbd,0x3b,0xdd,0x47,0x5d,0x72,0xa5,0xbf,0xf,0x93,0xee,0x49,0x70,
  0xa9,0x31,0x92,0x47,0xcd,0x79,0xb6,0x57,0x25,0x21,0xe5,0xc9,0x91,0x6a,0xdf,0x8f,
  0x38,0xb3,0x54,0xe1,0xb0,0x4f,0x9b,0x1d,0x21,0xd7,0x21,0x36,0x53,0xa2,0xd8,0xba,
  0x9e,0xd,0x69,0xec,0x31,0xbd,0x70,0xd8,0x7c,0xc7,0x96,0x1c,0xa8,0xf7,0xc2,0x24,
  0x37,0xa4,0xb1,0x1c,0xea,0x8f,0x8b,0x65,0x7c,0xad,0xec,0xc9,0x40,0xa1,0x86,0x23,
  0xcc,0x68,0xc5,0x60,0xd4,0x3d,0x57,0xe2,0x75,0xb5,0x31,0x48,0xaf,0xef,0x2a,0x6d,
  0x98,0x58,0x7e,0xe4,0xcb,0xac,0x4e,0xb5,0x4f,0x84,0x9e,0xa5,0x14,0xfb,0x30,0xd6,
  0x26,0xdc,0x1a,0x9a,0xe9,0x7b,0x69,0x16,0x65,0xd,0x4e,0x48,0xd1,0x3a,0x9b,0x1e,
  0x1f,0x57,0x19,0xd4,0xe9,0x37,0xad,0x79,0xdb,0x90,0x83,0x42,0x4e,0xa1,0x7,0x3,
  0xc7,0x8f,0x59,0x2e,0x75,0xc7,0x17,0xc5,0xc3,0x0,0x6,0xc8,0x2a,0x6d,0xbd,0x11,
  0x63,0x53,0xf2,0x93,0x29,0xad,0x71,0xaf,0xce,0x43,0x97,0x59,0x25,0xa8,0x64,0x7f,
  0xc5,0xc1,0x1c,0xe4,0x1e,0x90,0x4b,0xd2,0x63,0x4e,0xd9,0x97,0x15,0x66,0xec,0x50,
  0x34,0xb2,0x4f,0xe4,0x2d,0x6e,0xf1,0x5b,0xc4,0x5d,0x75,0xca,0x76,0x22,0x97,0xd2,
  0x21,0xdb,0xd5,0xe8,0x90,0xe,0xc1,0x8d,0x61,0x80,0x91,0xa8,0xa1,0xa5,0x62,0xa6,
  0x48,0x64,0xb4,0xa0,0x20,0x69,0x37,0x20,0x88,0x90,0x31,0x46,0x36,0xf,0xa2,0x81,
  0x18,0x28,0x21,0x62,0xc,0x21,0x4a,0x60,0x84,0x4,0xa,0xa5,0x91,0x40,0x22,0x89,
  0x93,0xa,0x14,0x19,0x74,0x99,0xa0,0xbd,0x3e,0xc2,0x97,0xf8,0x99,0x39,0x45,0x7f,
  0x23,0x45,0x6a,0x51,0xb1,0x2,0x16,0xb1,0x65,0xb5,0x94,0xaa,0xc2,0xf6,0x72,0x55,
  0xd7,0x36,0x98,0x32,0x74,0x8,0x24,0x57,0x75,0x81,0x5f,0xaa,0xec,0x3b,0x7d,0x9,
  0xf,0x33,0x1c,0x3f,0x1f,0x82,0x1,0x88,0xeb,0xd5,0x2e,0x9,0x60,0x3f,0x80,0x4f,
  0x4a,0x40,0xa6,0xf9,0x3c,0xd4,0x9e,0x29,0x4f,0x9e,0x96,0xfa,0xfe,0xf8,0x89,0xa5,
  0xa1,0x9e,0xb1,0x63,0xf,0x10,0x95,0xe3,0xc9,0x2d,0x2,0x3d,0x68,0x5d,0x77,0x3c,
  0x8,0xdb,0xbc,0xb0,0x5c,0xef,0x80,0xe9,0x69,0x27,0xd4,0x3,0x82,0x5c,0xf2,0x6f,
  0xfa,0xc6,0x43,0x90,0x11,0xe6,0xdf,0x99,0x5d,0x31,0xc3,0x4e,0xf8,0x88,0x47,0x63,
  0x18,0x4a,0x4,0xa5,0x7d,0xb,0xe2,0x7,0x81,0x7,0x6,0x74,0x9,0xa8,0x8d,0x3a,
  0xb7,0xc7,0x45,0xc2,0x69,0x10,0x65,0x16,0x2b,0xc3,0xb5,0xd4,0x1,0xd4,0x7e,0x6,
  0x11,0x65,0xb3,0x13,0xc2,0x51,0x8b,0xb0,0xf9,0x6,0x6b,0x89,0x52,0x95,0xd3,0x56,
  0xfb,0x88,0x56,0x48,0x3f,0xfb,0x95,0xf6,0x2f,0xd2,0xb6,0xf2,0xa5,0x8f,0x9a,0x55,
  0xe4,0x9e,0x51,0x1b,0x15,0x1c,0x86,0x17,0x54,0xc1,0x47,0x4c,0xdd,0x8a,0x9e,0xf1,
  0xa7,0xa7,0x22,0xc2,0x49,0x15,0x35,0x8e,0xd9,0x67,0xcf,0xbc,0x17,0xda,0xb9,0x10,
  0x76,0x30,0x51,0xa6,0x80,0xd9,0x23,0xf5,0xaa,0x9,0x5c,0xc4,0x74,0xa3,0xa,0x80,
  0xe2,0x20,0xbf,0xb8,0xca,0xbe,0x5e,0x87,0x80,0x6c,0xd0,0x46,0x9f,0xdc,0x7a,0x6e,
  0xe5,0x0,0xa,0xf6,0xfb,0x19,0x3,0xf5,0x5d,0xa1,0x6c,0xa3,0xa2,0xad,0xa2,0x9e,
  0xa8,0xda,0xcf,0x25,0x97,0x61,0x86,0x5c,0x8e,0xf0,0xbd,0x26,0x11,0xea,0x86,0x1f,
  0x84,0x37,0x3,0xf2,0x22,0x17,0xae,0x5d,0x23,0xaa,0x84,0xa0,0xfa,0x88,0x40,0xf5,
  0xde,0x1b,0xfb,0x14,0x5e,0x48,0x3,
    // KeybindingsPage.qml
  0x0,0x0,0xe,0xdc,
  0x28,
  0xb5,0x2f,0xfd,0x60,0xf4,0x5e,0x95,0x76,0x0,0x2a,0x61,0x4c,0x12,0x3b,0x50,0x6b,
  0xd4,0x1,0x30,0x33,0x33,0x33,0x33,0x93,0x68,0x9a,0x38,0x9a,0x97,0x2a,0xd9,0xda,
  0x4e,0x92,0x71,0x27,0x29,0x42,0x7e,0xda,0x7b,0x27,0xd9,0x92,0x20,0x48,0xb1,0x22,
  0xae,0x5,0x65,0x1a,0x0,0x68,0x46,0x54,0xf0,0x30,0xbc,0xf9,0x30,0xe6,0x41,0xbb,
  0xdd,0xe,0xa,0x54,0x1e,0x33,0xd9,0x99,0x1a,0x10,0x1,0x11,0x1,0x10,0x1,0x8e,
  0xaa,0xe,0x67,0x43,0x70,0x14,0xcb,0x37,0x2b,0x54,0x6e,0xcc,0x2b,0x51,0xc7,0xf8,
  0x9f,0xb5,0x25,0xd0,0x42,0xa7,0xd8,0xd6,0xe9,0xfd,0xd6,0x65,0xa3,0x56,0x9e,0x14,
  0xd3,0x39,0x22,0xa6,0x18,0x4f,0x62,0x6,0xa5,0x17,0x31,0x7e,0xe3,0x50,0x1e,0xf9,
  0xc5,0x16,0xfd,0x1,0xd7,0x7e,0x1d,0x6f,0xb8,0x5d,0x2a,0x12,0x9b,0x8,0x75,0xb,
  0x59,0x7e,0xf1,0x89,0xd1,0xa9,0x55,0xfd,0x6c,0x8a,0x21,0x7a,0x14,0xcb,0xea,0x8b,
  0xd0,0x5b,0x66,0x5f,0x5d,0x7b,0xce,0xa3,0x5b,0x2d,0xb9,0xd2,0xf8,0x4c,0xe3,0xdb,
  0x26,0x70,0xdd,0x66,0x4b,0x8,0xca,0x64,0xb3,0xd9,0x6c,0x36,0x9b,0xcd,0x66,0x33,
  0x31,0x20,0x51,0xa0,0x42,0x60,0x40,0x4,0x4,0x85,0x42,0x89,0x34,0x12,0x6d,0x5f,
  0xe9,0x4,0x9f,0x32,0x86,0x38,0x3a,0xc3,0x2e,0xeb,0x7d,0xe0,0x94,0x5e,0xa1,0x65,
  0x64,0x58,0x77,0x2e,0xbe,0x78,0x8e,0x9c,0xa9,0x42,0xd6,0xa3,0x0,0x3d,0x8f,0xf6,
  0xac,0xaa,0x61,0xeb,0x69,0x75,0xd2,0xed,0xb9,0xe3,0x4a,0x1c,0xda,0x70,0x7f,0x75,
  0x56,0x45,0xfa,0x98,0x8f,0x17,0xf7,0xe0,0xb6,0xca,0x69,0x2c,0xf5,0xb5,0x2f,0x28,
  0xf7,0xd5,0xf4,0x89,0xb6,0xf4,0x94,0xb5,0x2d,0xc5,0xe9,0xf0,0x31,0xad,0x73,0xe4,
  0x50,0x73,0xa,0x97,0xfa,0xb5,0x35,0x32,0x74,0xb9,0xef,0x5f,0x66,0x3,0xac,0x0,
  0x1,0xf,0xc6,0x1e,0x6,0x28,0xb4,0x14,0xec,0xdd,0xdd,0x47,0x85,0x95,0xfc,0x16,
  0x8f,0x87,0xab,0x3f,0x79,0xba,0x25,0x60,0x9a,0xdc,0x6f,0x5e,0x7a,0x17,0x35,0x3a,
  0xfd,0xe9,0x98,0xe9,0x11,0xb2,0x7a,0x73,0xf0,0xe,0xf6,0xa9,0x6b,0xb2,0x3,0xf,
  0x15,0x52,0x95,0x78,0x1,0xc8,0x92,0x6c,0x65,0x92,0x83,0x42,0x16,0x67,0xd6,0x4a,
  0xa7,0x17,0xfd,0xba,0x30,0xf6,0x46,0x31,0xbb,0x31,0x36,0x9c,0x73,0x4c,0x3b,0xb3,
  0x81,0x59,0xfe,0xcd,0xe2,0xcd,0x6c,0x2c,0xf2,0x5c,0x41,0x5b,0x85,0x6c,0xad,0xac,
  0xc0,0x12,0x99,0xe2,0x81,0xb6,0x4c,0x26,0xda,0xb2,0xa1,0x31,0x71,0x41,0x3d,0xe8,
  0xa3,0x23,0xb2,0xc1,0xa1,0x1,0xc9,0xea,0xa6,0x4d,0x1c,0x13,0x7,0x47,0x6b,0x3c,
  0x4b,0x22,0xc9,0x1e,0x9b,0x1c,0xa7,0x3,0x96,0x49,0x43,0x36,0x34,0x76,0x62,0xbf,
  0x76,0xac,0xb0,0x11,0x48,0x8c,0x97,0x67,0x6c,0x6e,0x17,0xc9,0x29,0x1c,0xc4,0xd9,
  0x4f,0xfe,0x7f,0x71,0x43,0xfd,0xbb,0xba,0x26,0x35,0xdf,0x24,0xee,0xf4,0x35,0xa1,
  0x83,0x53,0xd3,0x2e,0x9b,0x59,0x73,0x7b,0x17,0xb2,0xd4,0x71,0xca,0x19,0x86,0x98,
  0xe5,0xac,0x35,0x2d,0xe6,0xe6,0xd6,0x87,0xf2,0xd7,0x27,0x3f,0xd6,0x6c,0xce,0xc6,
  0x86,0x1f,0x7f,0xd6,0x4a,0x1e,0x8c,0xf2,0x46,0x7f,0xfd,0xd7,0x47,0x21,0xea,0x10,
  0x2a,0x38,0xab,0x42,0xb3,0x69,0x56,0x21,0xac,0x82,0xec,0x61,0x8f,0x3e,0x23,0xa7,
  0xd8,0x87,0x32,0x85,0xae,0xdc,0xd1,0xde,0xe2,0xc8,0xb5,0x6a,0x6f,0x54,0x49,0x16,
  0x39,0x47,0x9b,0x19,0x98,0xa1,0x6d,0x57,0xdd,0x2c,0xdf,0x6c,0x74,0x2e,0xb6,0xfa,
  0x68,0x6f,0xd6,0x9f,0x6c,0x91,0x1e,0x87,0x42,0xcb,0xc6,0x66,0xff,0xf3,0x78,0x7d,
  0x7e,0xb3,0x1c,0x31,0xcc,0x3d,0x93,0x99,0x5a,0x35,0xc6,0xed,0x7a,0xe8,0xe0,0x1a,
  0xdf,0x45,0x61,0xf4,0x52,0x21,0xf3,0x5c,0x8c,0xa3,0x22,0x83,0x5e,0xf4,0x68,0x5,
  0xfd,0xee,0xd7,0x4e,0xd8,0xc4,0x90,0x75,0x2e,0x32,0xa1,0x4,0xa0,0x40,0x96,0x32,
  0x48,0x6e,0x73,0x77,0x7a,0xce,0x45,0x0,0x3c,0x0,0x94,0x61,0xf4,0x2c,0x52,0x3b,
  0xbd,0x67,0x31,0x4d,0x6c,0xd7,0x16,0x6d,0x22,0x9c,0x8d,0x76,0x8e,0x3c,0xab,0x90,
  0x85,0x91,0x9b,0x72,0xfc,0xf9,0x38,0x9a,0x6b,0x14,0x4b,0xc5,0x52,0x81,0x82,0xf3,
  0x1b,0xb2,0x5,0x72,0x2c,0x7d,0x25,0xb1,0x1d,0x12,0x80,0xe4,0x3a,0x49,0xa,0x72,
  0xc8,0xea,0x88,0x81,0xf3,0x55,0xcc,0x76,0x8c,0xe9,0x1d,0x68,0x2f,0xab,0xa8,0x57,
  0xba,0x3d,0xa6,0x17,0xae,0x9b,0x73,0x3a,0x66,0x83,0x69,0x61,0x81,0x4d,0xb1,0xd0,
  0xf7,0x80,0xad,0x77,0xd1,0xad,0x9a,0x28,0x43,0xea,0xa0,0xaf,0x1b,0xc5,0xec,0x4f,
  0xb6,0xac,0x4b,0x82,0xb5,0x60,0x61,0x37,0x48,0xac,0x31,0xbd,0x8d,0xee,0xa0,0xca,
  0x52,0x75,0x6b,0xf8,0xe8,0x5a,0x6,0x40,0x48,0xe4,0x67,0xbe,0xb7,0x26,0xca,0xff,
  0x58,0x63,0x89,0x91,0x77,0x40,0x5b,0x5,0x41,0xa9,0x9c,0x7d,0xd0,0x10,0x3d,0x40,
  0xa1,0x8f,0x5b,0x8,0x2f,0x1c,0xbf,0x15,0xfc,0x73,0x95,0x61,0x60,0x41,0x21,0x41,
  0xb3,0x60,0x33,0x99,0xcb,0x4e,0xcc,0xe6,0x68,0xfe,0xd3,0x5a,0xac,0xe9,0xdd,0xe9,
  0x52,0xd4,0xe3,0x52,0x30,0x3a,0xa8,0x52,0x45,0x26,0xb5,0xe6,0xaa,0xc3,0x56,0x38,
  0x1b,0xe4,0x96,0x7a,0x12,0x7b,0x26,0x10,0x4b,0x45,0x2c,0x45,0xaa,0x6c,0x80,0x9d,
  0x26,0x86,0x63,0x3f,0xd1,0x5b,0xea,0xa7,0xe5,0x27,0x53,0x31,0xf6,0x35,0x55,0xea,
  0x6f,0xc4,0xfd,0xc0,0x49,0x1c,0x64,0xb6,0x73,0x44,0xf6,0xea,0xad,0x4f,0x9f,0x16,
  0x8f,0x8e,0xc9,0x3a,0x89,0x93,0x6c,0x82,0xad,0x52,0x4a,0xb8,0x89,0xb8,0x4,0x17,
  0xe4,0xb1,0xc9,0x22,0x78,0x16,0xb9,0x64,0x6a,0xa9,0x4,0x90,0x15,0xea,0x94,0x6a,
  0x32,0x68,0xd0,0x4c,0x14,0x3b,0xc,0x17,0x36,0x38,0x9f,0x2e,0x4b,0xb1,0xe5,0xbb,
  0x28,0xce,0x82,0x5,0x9,0x88,0x8a,0xa,0xc5,0x33,0xc0,0x85,0x20,0x5b,0x31,0x1e,
  0x6,0x9a,0x4e,0x27,0x3,0x33,0x99,0x4c,0x20,0x26,0x14,0x6f,0xcd,0xbf,0xb5,0x8,
  0x4,0x4,0x6e,0xfc,0xa7,0x69,0x62,0xe1,0xf4,0x49,0x85,0xf2,0x6d,0x75,0xd4,0x64,
  0xaf,0x85,0xe2,0x2d,0x3e,0xd1,0x5a,0x8,0x4c,0x34,0xfe,0xc9,0x7f,0x2d,0x94,0x69,
  0xb2,0x94,0x25,0xf3,0x8c,0x2a,0x65,0xd8,0xb1,0x32,0xcd,0x3c,0xcb,0x5a,0x8f,0xaa,
  0xd2,0xb7,0xa8,0xbf,0xeb,0xcc,0x5c,0x34,0xa8,0xa8,0xf0,0xac,0x7c,0xa0,0xd6,0xb9,
  0x89,0x95,0x52,0xf6,0x53,0xf6,0x48,0x29,0xa5,0x8c,0x40,0xfe,0x59,0x92,0xa7,0x33,
  0xe0,0x70,0x84,0xb0,0xe5,0x7c,0xa,0x4c,0xfe,0x6f,0x14,0x9a,0x2a,0xa3,0x1,0xe7,
  0x21,0x2,0xf9,0x69,0xc1,0x15,0x82,0x95,0xe8,0x83,0x5c,0x61,0x95,0x4a,0x84,0xa3,
  0x5c,0x2,0x88,0x83,0xc3,0x9b,0xa0,0x1d,0x17,0xd,0x6c,0x53,0x79,0x38,0xf8,0xb4,
  0xcc,0xda,0xdc,0x53,0x69,0x3a,0x19,0x9e,0x4a,0xa3,0x60,0x33,0x17,0x8c,0xa,0x4c,
  0x46,0x3,0x8f,0x73,0xf,0x10,0x8,0xdf,0x44,0x25,0x92,0x8,0xec,0xe9,0x31,0x4d,
  0xec,0xd4,0x50,0x16,0x79,0x66,0x81,0x1d,0xb1,0xd4,0x44,0x79,0x80,0x50,0x8e,0x75,
  0xf6,0xfb,0xe9,0xd6,0xf4,0x38,0x12,0x93,0x1,0xd3,0xff,0x37,0x50,0x84,0x22,0x99,
  0x2a,0x11,0x13,0xca,0x3a,0x38,0xc,0x88,0x6c,0x6d,0x6d,0x27,0x90,0xfc,0x62,0x1a,
  0x84,0x8c,0xa8,0x63,0x9,0x83,0xd2,0x3a,0x36,0x33,0x9a,0x14,0x24,0xcb,0x1,0xf3,
  0xa1,0x18,0x18,0x18,0x1a,0x8e,0x83,0x34,0x71,0xdf,0xf5,0x1,0xa3,0xa2,0xa1,0x40,
  0x1a,0x8,0x3,0x64,0x70,0x10,0x4,0x81,0xd,0x83,0x40,0x8,0x84,0x10,0x44,0x90,
  0xc0,0x40,0x81,0x21,0x86,0x40,0xa3,0x8c,0xc,0xd,0xb1,0x3,0x21,0x3a,0x7e,0x92,
  0xfc,0x8b,0xb8,0x6e,0xef,0x6b,0xfc,0xb4,0xd4,0xd2,0xef,0x3,0xfa,0xef,0x98,0x44,
  0xb8,0x2,0x4f,0xf4,0xcc,0x45,0x93,0x4,0xd0,0x6a,0x99,0x59,0x27,0xf3,0xb5,0x88,
  0x30,0x11,0x57,0xb2,0xb0,0xfd,0x73,0x9b,0xf3,0xf0,0x83,0x67,0x50,0xf4,0xcf,0x31,
  0x7b,0x3c,0x2,0x89,0x94,0xe5,0x15,0x34,0x58,0x74,0xb6,0xeb,0x69,0x71,0xd6,0x42,
  0x8a,0x59,0xfb,0xad,0xaa,0x7,0x4a,0x9f,0x2d,0x32,0x2f,0xd9,0x2,0xd6,0xa4,0xc9,
  0x86,0xe0,0x4,0x89,0xa4,0x94,0x14,0xbe,0x8e,0x28,0x35,0x5b,0x73,0xa3,0xf8,0xb9,
  0xaf,0x90,0x9a,0x40,0x49,0x1d,0xdb,0xb7,0xcc,0xb5,0xcc,0x52,0x51,0xf,0x14,0xb2,
  0xa,0xb4,0xe4,0x29,0x60,0x59,0x60,0xee,0x90,0xde,0x94,0x59,0x4d,0x6f,0x34,0x7b,
  0x1d,0x1a,0x42,0x67,0x7,0x72,0x46,0x19,0x8,0xe1,0x10,0x3d,0x39,0xa4,0xbd,0x8d,
  0x56,0xb1,0x73,0xdc,0x1d,0x7f,0xa9,0x1d,0x79,0xd7,0x46,0x23,0xb2,0x4e,0x3c,0xa9,
  0x72,0x11,0x10,0xed,0x9c,0x45,0x50,0x7f,0xb1,0xb6,0xc5,0x22,0xe4,0xb4,0xfd,0x14,
  0x58,0x37,0x7f,0x58,0xef,0xc5,0x11,0x98,0xe1,0xc4,0xee,0x7f,0x2b,0x73,0x96,0xc8,
  0xd8,0xcf,0xda,0x12,0xaa,0x57,0x80,0x16,0x96,0x4c,0xcf,0xed,0x41,0xb5,0x13,0xfb,
  0xd1,0x4c,0x47,0xcf,0x9e,0xf6,0x21,0xb2,0x60,0xd3,0x8a,0x1f,0x8e,0xc8,0xe9,0x20,
  0x23,0xa5,0x4d,0xef,0x55,0x27,0xfa,0x31,0xe9,0xd9,0x68,0x4,0xf5,0xe3,0x90,0x9c,
  0xfb,0x6b,0xa3,0x98,0xdf,0x8,0x4e,0x57,0x8e,0x1f,0xd7,0x32,0xc,0xf1,0xf0,0x59,
  0x12,0x8d,0xb9,0x78,0xae,0xee,0x32,0xf9,0x63,0x27,0x86,0xab,0x9f,0xbf,0x56,0xab,
  0xf9,0xe7,0xc7,0xfd,0xd7,0xd8,0x24,0x63,0x41,0x2a,0x42,0x34,0x34,0x78,0x4a,0xf9,
  0x9,0xeb,0xa7,0x55,0x4a,0xc5,0xfa,0xe,0xa,0x5a,0x6,0xac,0xa0,0x7a,0x50,0x67,
  0x29,0x63,0xdf,0x8a,0xb5,0xab,0x5a,0xc3,0xa3,0x3e,0x47,0x48,0xf1,0x22,0x97,0x71,
  0x81,0x95,0x81,0xae,0x2c,0x1e,0xc2,0x86,0xc,0xb2,0x96,0xf9,0xb5,0xc6,0x22,0x2b,
  0xaa,0xc1,0x3a,0xd7,0x26,0xb6,0xd1,0x87,0x52,0x2f,0xe6,0xb8,0x9,0x85,0x5d,0x5a,
  0x6e,0x8d,0x2d,0xd5,0x73,0x14,0x6e,0x28,0xd,0x78,0x77,0xc7,0x9d,0x11,0x98,0xbf,
  0x86,0x28,0x18,0xc7,0x66,0x5d,0x3d,0x13,0x5c,0xf2,0x81,0xb,0xad,0xfd,0x1e,0x61,
  0xc0,0x81,0x12,0xfa,0x10,0x29,0x1a,0x70,0xfd,0xa8,0xf5,0x59,0x2f,0xd8,0xae,0x8c,
  0xb7,0x6d,0xf7,0x4b,0xa2,0xe7,0xf2,0x7f,0x43,0x29,0x74,0xe4,0xe5,0xe7,0xc8,0x3d,
  0x2,0x64,0x30,0xdb,0xd9,0x68,0x45,0x72,0x98,0xdf,0x32,0xd3,0x95,0xb5,0x6d,0x98,
  0x60,0xb7,0xa3,0xbb,0x6e,0xd5,0xd3,0xde,0xa3,0xa0,0xd0,0xd6,0x75,0xb7,0x21,0xbe,
  0xdd,0x54,0x71,0x3,0x6,0x57,0x47,0xd0,0x9a,0xad,0x46,0x54,0x22,0x41,0x5e,0xc1,
  0x4b,0x51,0x25,0x96,0xae,0xcc,0x5,0xa1,0x4,0x3b,0xb4,0xae,0x58,0xd,0x13,0xa,
  0xab,0x45,0x79,0x3,0xeb,0x2e,0xf5,0xd5,0xed,0xbd,0xcc,0x67,0xf5,0x40,0xc9,0x25,
  0xf1,0x1a,0xb7,0x3a,0x79,0x3f,0x5a,0x5d,0xb7,0x97,0x55,0xa1,0x3,0x60,0x55,0x17,
  0x15,0x5c,0x55,0xdd,0xbe,0xac,0x9a,0x8a,0x12,0x85,0xf8,0x83,0x7f,0xc4,0x4e,0x97,
  0x4d,0x65,0x15,0x35,0xd5,0x2,0x40,0x76,0x4a,0x17,0x1,0x28,0x7a,0x5,0xe0,0xd3,
  0x20,0xd6,0x14,0x7e,0xe1,0xf9,0x37,0xdc,0x89,0x54,0xa7,0x12,0x9,0x45,0xe5,0xd0,
  0xa6,0xb7,0x51,0x72,0x87,0x20,0x91,0xd9,0xde,0xf4,0x3,0x8b,0x85,0xcb,0x6f,0xc9,
  0xf9,0xc0,0x89,0x8d,0x9a,0x5b,0xb8,0xb2,0x4f,0xd0,0xb9,0x6f,0x48,0xea,0xb,0xf0,
  0xc4,0x24,0x36,0xf2,0x8,0x87,0x74,0xa8,0xa9,0xf6,0x4,0xe1,0x45,0xd6,0xfa,0x46,
  0xdc,0xde,0xf9,0x8b,0x5e,0x85,0xae,0xe5,0x93,0xaf,0xa1,0xdc,0x81,0x5b,0x3,0x78,
  0xd1,0x86,0xcd,0xa2,0xa2,0x3d,0x43,0x80,0xd,0x5e,0x81,0x61,0xcb,0x19,0x43,0x2,
  0x6,0x53,0x46,0x64,0x8b,0xe2,0x1,0x2d,0x43,0xf,0x7b,0x1b,0x34,0x47,0x40,0x44,
  0x40,0x8,0x2c,0x81,0x71,0x7d,0xd7,0x26,0x3b,0xeb,0x9c,0xb6,0x85,0x81,0x4e,0x86,
  0xee,0xe,0x3b,0x51,0xfd,0x7b,0x1d,0x33,0xe7,0xfa,0xd0,0x4f,0xab,0x7e,0x53,0xe1,
  0xf9,0xf5,0x87,0xfb,0x2b,0xc,0x22,0xbd,0x50,0x80,0xc2,0x78,0x36,0x64,0x8a,0x41,
  0xb8,0x51,0xa5,0x62,0x82,0xed,0x17,0xad,0xe8,0x97,0x52,0xd4,0xe2,0xbe,0x5b,0x3d,
  0x78,0x4d,0x93,0xd1,0xcd,0x16,0xe7,0xd5,0x68,0x67,0xda,0x4f,0x20,0xc5,0x5a,0x2f,
  0xb2,0x32,0xbe,0x18,0xa3,0x2,0x8f,0x9b,0xbc,0x13,0x7c,0xba,0x43,0xe8,0xdc,0x1a,
  0x8a,0x0,0x53,0xef,0x52,0x28,0x27,0x66,0x80,0xae,0xac,0xb4,0xd9,0xb4,0x1c,0xfb,
  0x67,0xfc,0x5b,0x24,0x6b,0x31,0x54,0xd3,0xe2,0xdb,0xd2,0x1,0x2c,0xc5,0xfd,0x5,
  0xa2,0x35,0xa8,0x64,0x6c,0x76,0x18,0x26,0x14,0xec,0x2a,0x58,0xbb,0x8b,0x14,0xe5,
  0xfb,0x33,0x28,0x64,0x24,0x58,0x59,0x71,0x95,0x89,0x5,0x12,0xa,0xd7,0xb4,0x94,
  0x9,0x7a,0xfa,0x1,0x66,0xcc,0xfc,0xf1,0xdf,0x16,0x55,0x4c,0xb2,0x9e,0x25,0xf7,
  0x23,0x3a,0x73,0xc9,0xc9,0x8,0x88,0x43,0x1f,0xac,0x6a,0x5b,0x5a,0x69,0xeb,0x8a,
  0x36,0xc2,0xde,0xdf,0xa4,0x2f,0xe0,0xfb,0x78,0x6d,0x1e,0x5e,0x81,0xc7,0xc8,0xcb,
  0x8,0xb2,0x0,0x89,0xcd,0x7e,0x52,0x4a,0x72,0x91,0xef,0xdc,0xa5,0xa9,0xb7,0xdc,
  0xd9,0x7c,0x5e,0x1c,0xef,0xb9,0x9a,0xff,0x47,0x1,0x4e,0xc1,0x67,0x4e,0xf2,0xfc,
  0x74,0x59,0xfc,0x7a,0x14,0xdc,0xbc,0x85,0x98,0x78,0xbf,0x44,0xb,0x33,0x83,0x32,
  0xe2,0xf4,0x18,0x1f,0xf9,0xbc,0x6d,0xf1,0xc8,0xd5,0x51,0x24,0x89,0x63,0x31,0x33,
  0xd4,0x56,0x4c,0x59,0xf4,0x6c,0x34,0xb7,0xb6,0x11,0x5,0xf6,0x9e,0xd0,0x36,0xdf,
  0x1b,0x76,0xbb,0x57,0x44,0x5b,0xd1,0x5,0xa3,0x49,0xf0,0xd2,0x74,0xb6,0x5f,0x97,
  0xda,0x29,0x9f,0x82,0x4,0x74,0x18,0xb8,0xe2,0xf4,0x6,0x6,0x5a,0xca,0xdf,0x85,
  0x71,0xc2,0xed,0x4f,0x2b,0x74,0x40,0x71,0xf5,0x7c,0x50,0x2c,0x39,0xe2,0xfa,0x40,
  0x3d,0xc9,0x36,0xa5,0x52,0xa6,0x18,0xf3,0xb7,0xa2,0x60,0x31,0xa,0x52,0x19,0x15,
  0xb2,0x63,0x54,0xeb,0x95,0x82,0x55,0xdc,0x73,0x6c,0xd4,0x6e,0x4b,0x5e,0x66,0xfd,
  0xd7,0x1d,0xd8,0x5b,0x34,0x9e,0x14,0x5f,0xb0,0xb3,0x42,0xf2,0x19,0x72,0x77,0x68,
  0x4c,0xb9,0x77,0x46,0xce,0x6e,0x3f,0x2c,0x86,0xb,0xe7,0x83,0x18,0x22,0x99,0x1a,
  0x94,0x2e,0x45,0x15,0x55,0x6d,0xd9,0xe4,0x46,0x74,0x71,0xa3,0x50,0x84,0xd,0x2d,
  0xa8,0xdd,0xcf,0xe2,0xe,0xab,0x85,0x66,0xd9,0x98,0x83,0xfc,0x4b,0x11,0x99,0xe1,
  0xa3,0x93,0xef,0xa9,0x85,0xda,0x2d,0x24,0xa0,0xc1,0xcf,0xc5,0xf7,0xd8,0x67,0x51,
  0xb4,0x9b,0x5c,0xc0,0x3a,0x4b,0x52,0x10,0x12,0xc3,0xc0,0x4d,0x9b,0x38,0xa0,0xc7,
  0x18,0x36,0x3,0xca,0xd9,0xc4,0x67,0xf8,0x76,0x46,0x4f,0x8c,0x9e,0xe2,0x98,0x4a,
  0x1,0x14,0x3c,0x9,0xb3,0x8e,0xbe,0x99,0xf4,0x11,0xb3,0x7,0x24,0xff,0x3,0xd9,
  0xe1,0xe,0x87,0x44,0xbd,0xe9,0xe6,0x9e,0x5e,0xfd,0x8d,0x3a,0x1c,0xc7,0xec,0x1b,
  0x1a,0x87,0x18,0x5f,0x12,0x50,0xe9,0xea,0x69,0x1b,0xed,0x69,0xc9,0xf,0x62,0xc2,
  0x4a,0x88,0x4,0xe9,0xa4,0xd6,0xff,0xe8,0x27,0x0,0x95,0x99,0x12,0x4d,0xc8,0xd1,
  0xa3,0xc8,0x82,0x83,0xd6,0xe0,0x39,0x13,0xc0,0x44,0x31,0x8,0x53,0x65,0x61,0xdb,
  0x87,0x33,0xd0,0xe,0x68,0x6a,0x6,0x77,0xef,0x69,0xd8,0x2a,0xca,0x7f,0xb7,0xe8,
  0x59,0xce,0x3b,0x44,0xae,0xb9,0x9e,0x8e,0x9b,0x72,0x26,0x95,0x2d,0xdd,0x1d,0xf7,
  0xe0,0xab,0x22,0x56,0x1d,0x8f,0xd,0x1b,0xa7,0x68,0xa7,0x8,0xfb,0xdc,0xfc,0x90,
  0x27,0x1a,0x86,0xd9,0xf7,0xe2,0x27,0xf5,0xa7,0xad,0xfd,0x48,0xbe,0x28,0xfd,0xb5,
  0xd1,0xe4,0x11,0x4a,0x90,0x80,0xe0,0x34,0x70,0x8f,0x18,0x37,0x3d,0x1a,0x53,0x3c,
  0xf1,0xf7,0xc8,0x27,0x79,0x3a,0x34,0xc5,0x60,0x7f,0x85,0x14,0xfc,0x86,0xb0,0x84,
  0x36,0x74,0xdb,0xe0,0x56,0x36,0x6,0x8a,0x48,0x4f,0xf0,0x1f,0x4e,0x39,0xc,0x3d,
  0xe3,0x6f,0xed,0x2a,0xa7,0x80,0x2,0xce,0x64,0x6e,0x9d,0x89,0xc6,0x88,0x82,0xff,
  0x82,0xf,0x4f,0x76,0x14,0xa9,0xe9,0xfe,0x8c,0x16,0x41,0xb,0x29,0x87,0x5b,0x37,
  0xd9,0xf9,0xa2,0x8a,0x7e,0xad,0x64,0x8e,0x11,0x84,0x27,0x9b,0xfa,0x69,0x57,0xe9,
  0x92,0xeb,0xef,0x92,0x32,0xf3,0xce,0x40,0x95,0xb7,0x4d,0x36,0x98,0xc1,0x60,0x40,
  0x11,0x11,0xd8,0xa7,0xa5,0x8a,0xa5,0x7b,0x24,0xd0,0xd0,0x9,0x0,0x69,0x6a,0x67,
  0x93,0xe9,0xeb,0xf5,0x55,0x14,0x1a,0x1a,0x84,0x93,0xd,0x78,0x6f,0x31,0x99,0xec,
  0xb7,0x19,0x6,0xb7,0x72,0x12,0x18,0x58,0x22,0xab,0xde,0xba,0xd6,0x65,0x93,0xb9,
  0x8f,0x5d,0x8a,0x29,0xb2,0xf2,0x11,0xd8,0x68,0xd1,0xed,0xa9,0xfc,0x78,0x3,0x60,
  0xa8,0x20,0x8a,0x12,0x34,0xf,0x17,0x3d,0xe0,0x8d,0x4c,0x62,0xb1,0xe1,0xb9,0x2e,
  0xa7,0x6f,0xbc,0x39,0x28,0xf0,0xda,0xee,0xcd,0x35,0xd7,0x8a,0xc2,0x14,0xe7,0x14,
  0xaf,0x8a,0x4a,0xa8,0x9b,0xd2,0x98,0x23,0x58,0xe0,0x57,0xca,0x1d,0x5e,0x1e,0xa2,
  0x3d,0xa0,0x1,0x3c,0x49,0x91,0x70,0xbf,0xbc,0xbf,0x26,0xb2,0x2a,0xd7,0x4f,0xf0,
  0xfc,0xf,0x4a,0x2b,0x34,0xad,0xe9,0x87,0x26,0x1b,0x31,0x37,0xd8,0x18,0xd3,0x1,
  0x86,0xf8,0x71,0x8e,0x63,0x22,0x8f,0x8f,0x80,0x56,0xe4,0x9b,0x4f,0x30,0xde,0x30,
  0x90,0x8c,0x2c,0x37,0x75,0x31,0x77,0x54,0x15,0xc,0x69,0xa3,0xcb,0x88,0xbb,0x7a,
  0x46,0xc0,0xb1,0x9a,0xfc,0x12,0x9c,0x59,0x99,0x23,0x34,0x86,0xfe,0xa1,0x9,0xce,
  0x74,0x72,0x37,0x8f,0x62,0x68,0xe5,0xa0,0x87,0xda,0x24,0xf6,0x71,0xc9,0x2b,0xa2,
  0xa3,0x6b,0x75,0xcc,0x16,0x96,0x8a,0xf,0x36,0x92,0xae,0xb3,0x1,0x5f,0xd8,0x58,
  0xb0,0xd8,0x2e,0x3e,0x77,0x9f,0x77,0x9,0x1b,0x63,0xfa,0xa7,0x5c,0xbe,0x26,0x25,
  0xa7,0x35,0x2e,0x99,0x73,0xe3,0x1a,0x69,0xb2,0x93,0xd2,0x52,0x25,0x4c,0x34,0x48,
  0x1c,0x63,0x4b,0x9e,0x5a,0x32,0x49,0x43,0x84,0xc5,0xbc,0x73,0x2e,0x9e,0x55,0x5b,
  0x81,0xd6,0xe,0x90,0x3a,0xdc,0x2c,0xe0,0xb6,0x25,0x90,0xa,0x35,0xea,0xc1,0x75,
  0x76,0xae,0xf3,0x82,0x7,0x6d,0x3d,0x7a,0xeb,0x6c,0x23,0x1b,0x88,0xe0,0xc3,0xbb,
  0xe6,0x31,0xcf,0x33,0x64,0x4c,0x9a,0xba,0x43,0xb5,0x5d,0x5,0x3b,0x52,0xdd,0x6f,
  0xda,0x17,0xaf,0x62,0xd8,0x82,0xf8,0xb5,0xe4,0xe7,0x26,0x20,0x44,0xdf,0x41,0x30,
  0xe1,0x61,0x4b,0x42,0x18,0x49,0xe0,0xd3,0x4e,0xe0,0xd2,0xff,0x16,0xe6,0x3c,0x7f,
  0x23,0xe,0xae,0x84,0x56,0x13,0x2f,0xde,0xf2,0xb8,0x4c,0xfa,0xb0,0x7e,0x3e,0x30,
  0xfb,0x7a,0xb7,0xd1,0x4f,0xc1,0xdb,0xec,0x19,0x3f,0x57,0x12,0x34,0xdc,0xdb,0x12,
  0xa7,0x94,0x4,0x15,0x6,0x33,0x55,0xc7,0xde,0x6c,0xdc,0x40,0x90,0x81,0xe3,0xfe,
  0x71,0xdc,0xaa,0xff,0xb1,0xd2,0xc5,0x65,0x75,0x99,0x82,0x9c,0x12,0x1d,0xae,0x62,
  0xfc,0x0,0x7d,0xcb,0xdd,0x90,0xea,0xd6,0xd3,0x3c,0x8e,0xce,0x62,0x87,0xe5,0x6a,
  0x93,0xde,0xd3,0x8b,0x75,0x2a,0x22,0xdb,0xe6,0x16,0x62,0x80,0xaa,0x96,0x25,0x9c,
  0xfb,0x1d,0xc5,0xd6,0xdd,0x75,0x1a,0x63,0x3,0xe,0xd1,0xb7,0x60,0x70,0xb4,0xd1,
  0xbc,0x6e,0x4e,0xcf,0x90,0x79,0xd1,0x82,0x48,0x7a,0xcd,0x21,0x63,0xda,0x64,0x67,
  0xae,0x7c,0xd,0x84,0x7,0xe9,0x3b,0x7e,0x5,0xd8,0x32,0x78,0xa,0x1b,0xca,0x27,
  0x35,0xac,0xc7,0x32,0x9c,0xd6,0x54,0x7e,0x39,0x95,0xb2,0x4f,0x45,0xa7,0x14,0xc3,
  0xbc,0x94,0x1f,0xe6,0x92,0xcb,0xdf,0xa0,0x52,0x3f,0xcd,0xe4,0x78,0xa4,0x6,0x80,
  0xd2,0x75,0x2f,0x35,0xf1,0x7f,0x3,0x16,0x6a,0x45,0xd7,0x55,0xd0,0x47,0xc,0x8d,
  0x5f,0x10,0x39,0xfc,0x8d,0x6b,0x0,0xbf,0x82,0x81,0x7,0xbb,0xe1,0xb,0x35,0x3b,
  0xfd,0x1b,0x75,0x20,0xeb,0x43,0x90,0xb,0x3b,0x55,0x65,0xb7,0xd5,0xd9,0x17,0xb6,
  0x1c,0x4b,0xc8,0x4a,0x3d,0x48,0x5,0x30,0x96,0x20,0x34,0x3d,0x2d,0xc7,0xd3,0xca,
  0xec,0x69,0x67,0xff,0x53,0x72,0xcd,0xb1,0xee,0x7b,0x51,0x52,0xad,0x26,0x2c,0xac,
  0x95,0x2b,0x48,0x58,0x97,0x68,0x1,0x20,0xe5,0x5b,0x43,0x5f,0x5d,0x41,0x4d,0xf2,
  0xca,0x98,0x8b,0xf8,0x7,0xf2,0x5a,0xe3,0x9d,0x30,0x28,0x43,0xe1,0xcf,0xc6,0x9f,
  0x76,0xc9,0x52,0xe2,0xbb,0x87,0x45,0xbe,0xfa,0xc2,0xba,0xf8,0x5a,0xc7,0x83,0xa7,
  0x52,0xfc,0xc6,0x17,0x40,0xc7,0x26,0x22,0xc8,0x28,0x48,0x12,0xbd,0xd7,0x13,0xaf,
  0xfb,0x2,0x2b,0xae,0x2,0xd2,0xa9,0xfe,0xa5,0x9f,0x2c,0xe,0xd1,0x5d,0xf3,0x2a,
  0x46,0x12,0x87,0x1a,0xa6,0xfa,0x4e,0x55,0x19,0x35,0x1,0x14,0x21,0xf4,0xc9,0xc4,
  0x57,0x7d,0x3f,0xb9,0x7,0x7e,0xd0,0xae,0x72,0x42,0x80,0x28,0x6a,0x3a,0x24,0x48,
  0x5b,0x6c,0x6,0x37,0x7d,0x58,0xab,0x6,0x6a,0x36,0x1,0xb,0x1b,0x8,0x86,0x6b,
  0x86,0xf0,0x6a,0x94,0x4e,0x90,0x92,0x41,0x90,0x9a,0x48,0x52,0xe2,0x5a,0x24,0x39,
  0x2e,0x92,0x76,0xa1,0x9b,0x65,0xb9,0xa7,0x8d,0x8d,0x8c,0x48,0x50,0x7,0xf1,0x62,
  0xa8,0xc7,0x84,0xca,0xd9,0xb2,0x7c,0xa8,0x1c,0xd,0xd1,0x4a,0x7f,0x47,0x63,0x1a,
  0x2c,0xa0,0xce,0xc9,0xaa,0x5a,0xf0,0xb5,0xde,0x46,0x68,0x77,0x3d,0xea,0x3,0xec,
  0x27,0xcb,0xd8,0xb2,0x2d,0x4,0x6d,0x38,0xf,0x2,0x84,0x88,0xe7,0x4c,0x9e,0xa1,
  0x69,0xf4,0xd1,0x45,0x5f,0xc2,0xb3,0x37,0xbb,0xa0,0xe2,0xcb,0x45,0x82,0x48,0x4b,
  0x1e,0xef,0xe3,0x19,0x43,0x1d,0xaf,0x7c,0x29,0xf3,0xbf,0xf3,0x88,0x46,0x71,0x9d,
  0xaf,0x4b,0x75,0xaa,0x69,0xe4,0x80,0x1d,0x17,0xec,0x31,0xff,0xcd,0x86,0x2,0x99,
  0xb5,0x2,0xfa,0x84,0x68,0x54,0x68,0xc9,0xaa,0x1d,0x2b,0x38,0xa1,0xc5,0xf0,0x54,
  0xd6,0x37,0xd8,0x9,0x6d,0xa7,0x92,0x56,0xa4,0x1e,0x54,0x35,0xe5,0xeb,0xfc,0x8,
  0x5b,0x7c,0xac,0x9b,0x47,0xd7,0xdf,0x36,0x38,0x9d,0xc,0xc4,0x1e,0xd9,0xfe,0x5a,
  0xaa,0x7f,0x78,0x79,0x28,0x51,0xd5,0x10,0x62,0xef,0xf0,0x90,0xb5,0xa5,0x2b,0x61,
  0x26,0x15,0x4,0xbf,0x74,0x6,0x85,0xf2,0x5,0x19,0xb5,0x8c,0x2f,0x9f,0x84,0xb3,
  0x9b,0x32,0xf1,0x9a,0x35,0x8d,0x2e,0xa0,0xb7,0x23,0x1c,0xa6,0x85,0x2c,0x84,0x2f,
  0xf9,0x6c,0x2,0xbc,0x12,0x48,0xcd,0x1d,0xd3,0x0,0x5f,0x66,0x81,0x56,0x9c,0xca,
  0x76,0xd5,0x68,0xe4,0xfd,0xed,0x53,0x5b,0x65,0xea,0x94,0xf5,0x5e,0xae,0xf1,0xfd,
  0x6,0xac,0xd9,0x3,0xf6,0xe4,0x7b,0x9b,0x4,0x5f,0x92,0x69,0x95,0xf0,0x8b,0x67,
  0xe7,0x5b,0xc8,0xa6,0xa3,0xb5,0x5d,0x2e,0xeb,0x92,0x2b,0x0,0xf4,0xcc,0xbc,0x78,
  0xd0,0x98,0x2c,0x21,0xdb,0x1e,0x89,0x5b,0xda,0xfc,0x75,0xcc,0x6c,0x1,0xf3,0xbf,
  0xb1,0x5b,0x8b,0xca,0x4f,0x9a,0xe0,0xa6,0x6,0x4a,0x4f,0x49,0x4e,0x4a,0x4c,0x27,
  0x21,0x5d,0x32,0x55,0x22,0x51,0x42,0x5a,0xd2,0x34,0x84,0xd0,0x30,0x37,0x0,0xed,
  0x1e,0x94,0x23,0xfb,0x56,0xca,0x6a,0xc,0x41,0x6,0xc1,0xe5,0xfc,0x4d,0x86,0xf3,
  0xcc,0xf7,0x5e,0xf5,0x62,0x78,0xfa,0x4,0x6a,0x5b,0xe5,0x5c,0xd5,0x4c,0x25,0xa9,
  0x64,0xab,0x54,0xc0,0xd,0xd8,0x40,0xca,0xf7,0xa9,0x1d,0x1f,0x99,0xfb,0xcf,0x8e,
  0xad,0x10,0x9f,0x54,0x10,0xdf,0x29,0xac,0xac,0x94,0xf5,0x53,0x7b,0x96,0xb3,0x73,
  0x40,0xf4,0x86,0xe7,0xbe,0x92,0xcb,0x8f,0x29,0xe,0xd2,0xe0,0xd3,0x72,0xca,0xdd,
  0x8f,0xd3,0x74,0x72,0xde,0x1f,0xfe,0x97,0x9e,0x99,0xe8,
    // AutostartPage.qml
  0x0,0x0,0x8,0x12,
  0x69,
  0x6d,0x70,0x6f,0x72,0x74,0x20,0x51,0x74,0x51,0x75,0x69,0x63,0x6b,0xa,0x69,0x6d,
  0x70,0x6f,0x72,0x74,0x20,0x51,0x74,0x51,0x75,0x69,0x63,0x6b,0x2e,0x43,0x6f,0x6e,
  0x74,0x72,0x6f,0x6c,0x73,0xa,0x69,0x6d,0x70,0x6f,0x72,0x74,0x20,0x51,0x74,0x51,
  0x75,0x69,0x63,0x6b,0x2e,0x4c,0x61,0x79,0x6f,0x75,0x74,0x73,0xa,0x69,0x6d,0x70,
  0x6f,0x72,0x74,0x20,0x22,0x2e,0x2e,0x2f,0x63,0x6f,0x6d,0x70,0x6f,0x6e,0x65,0x6e,
  0x74,0x73,0x22,0xa,0xa,0x49,0x74,0x65,0x6d,0x20,0x7b,0xa,0x20,0x20,0x20,0x20,
  0x53,0x63,0x72,0x6f,0x6c,0x6c,0x56,0x69,0x65,0x77,0x20,0x7b,0x20,0x61,0x6e,0x63,
  0x68,0x6f,0x72,0x73,0x2e,0x66,0x69,0x6c,0x6c,0x3a,0x20,0x70,0x61,0x72,0x65,0x6e,
  0x74,0x3b,0x20,0x63,0x6f,0x6e,0x74,0x65,0x6e,0x74,0x57,0x69,0x64,0x74,0x68,0x3a,
  0x20,0x61,0x76,0x61,0x69,0x6c,0x61,0x62,0x6c,0x65,0x57,0x69,0x64,0x74,0x68,0xa,
  0x20,0x20,0x20,0x20,0x20,0x20,0x20,0x20,0x43,0x6f,0x6c,0x75,0x6d,0x6e,0x4c,0x61,
  0x79,0x6f,0x75,0x74,0x20,0x7b,0x20,0x77,0x69,0x64,0x74,0x68,0x3a,0x20,0x70,0x61,
  0x72,0x65,0x6e,0x74,0x2e,0x77,0x69,0x64,0x74,0x68,0x20,0x2d,0x20,0x36,0x30,0x3b,
  0x20,0x78,0x3a,0x20,0x33,0x30,0x3b,0x20,0x73,0x70,0x61,0x63,0x69,0x6e,0x67,0x3a,
  0x20,0x32,0x30,0xa,0x20,0x20,0x20,0x20,0x20,0x20,0x20,0x20,0x20,0x20,0x20,0x20,
  0x54,0x65,0x78,0x74,0x20,0x7b,0x20,0x74,0x65,0x78,0x74,0x3a,0x20,0x22,0x41,0x75,
  0x74,0x6f,0x73,0x74,0x61,0x72,0x74,0x22,0x3b,0x20,0x66,0x6f,0x6e,0x74,0x2e,0x70,
  0x69,0x78,0x65,0x6c,0x53,0x69,0x7a,0x65,0x3a,0x20,0x32,0x36,0x3b,0x20,0x66,0x6f,
  0x6e,0x74,0x2e,0x62,0x6f,0x6c,0x64,0x3a,0x20,0x74,0x72,0x75,0x65,0x3b,0x20,0x63,
  0x6f,0x6c,0x6f,0x72,0x3a,0x20,0x72,0x6f,0x6f,0x74,0x2e,0x63,0x54,0x65,0x78,0x74,
  0x3b,0x20,0x4c,0x61,0x79,0x6f,0x75,0x74,0x2e,0x74,0x6f,0x70,0x4d,0x61,0x72,0x67,
  0x69,0x6e,0x3a,0x20,0x33,0x30,0x20,0x7d,0xa,0xa,0x20,0x20,0x20,0x20,0x20,0x20,
  0x20,0x20,0x20,0x20,0x20,0x20,0x53,0x65,0x74,0x74,0x69,0x6e,0x67,0x73,0x47,0x72,
  0x6f,0x75,0x70,0x20,0x7b,0x20,0x74,0x69,0x74,0x6c,0x65,0x3a,0x20,0x22,0x41,0x64,
  0x64,0x20,0x43,0x6f,0x6d,0x6d,0x61,0x6e,0x64,0x22,0xa,0x20,0x20,0x20,0x20,0x20,
  0x20,0x20,0x20,0x20,0x20,0x20,0x20,0x20,0x20,0x20,0x20,0x52,0x6f,0x77,0x4c,0x61,
  0x79,0x6f,0x75,0x74,0x20,0x7b,0x20,0x4c,0x61,0x79,0x6f,0x75,0x74,0x2e,0x66,0x69,
  0x6c,0x6c,0x57,0x69,0x64,0x74,0x68,0x3a,0x74,0x72,0x75,0x65,0x3b,0x20,0x73,0x70,
  0x61,0x63,0x69,0x6e,0x67,0x3a,0x38,0xa,0x20,0x20,0x20,0x20,0x20,0x20,0x20,0x20,
  0x20,0x20,0x20,0x20,0x20,0x20,0x20,0x20,0x20,0x20,0x20,0x20,0x54,0x65,0x78,0x74,
  0x46,0x69,0x65,0x6c,0x64,0x20,0x7b,0x20,0x69,0x64,0x3a,0x5f,0x6e,0x63,0x3b,0x20,
  0x4c,0x61,0x79,0x6f,0x75,0x74,0x2e,0x66,0x69,0x6c,0x6c,0x57,0x69,0x64,0x74,0x68,
  0x3a,0x74,0x72,0x75,0x65,0x3b,0x20,0x70,0x6c,0x61,0x63,0x65,0x68,0x6f,0x6c,0x64,
  0x65,0x72,0x54,0x65,0x78,0x74,0x3a,0x22,0x43,0x6f,0x6d,0x6d,0x61,0x6e,0x64,0x20,
  0x28,0x65,0x2e,0x67,0x2e,0x20,0x77,0x61,0x79,0x62,0x61,0x72,0x29,0x22,0x3b,0x20,
  0x66,0x6f,0x6e,0x74,0x2e,0x70,0x69,0x78,0x65,0x6c,0x53,0x69,0x7a,0x65,0x3a,0x31,
  0x32,0x3b,0x20,0x63,0x6f,0x6c,0x6f,0x72,0x3a,0x72,0x6f,0x6f,0x74,0x2e,0x63,0x54,
  0x65,0x78,0x74,0xa,0x20,0x20,0x20,0x20,0x20,0x20,0x20,0x20,0x20,0x20,0x20,0x20,
  0x20,0x20,0x20,0x20,0x20,0x20,0x20,0x20,0x20,0x20,0x20,0x20,0x62,0x61,0x63,0x6b,
  0x67,0x72,0x6f,0x75,0x6e,0x64,0x3a,0x20,0x52,0x65,0x63,0x74,0x61,0x6e,0x67,0x6c,
  0x65,0x7b,0x63,0x6f,0x6c,0x6f,0x72,0x3a,0x72,0x6f,0x6f,0x74,0x2e,0x63,0x43,0x72,
  0x75,0x73,0x74,0x3b,0x72,0x61,0x64,0x69,0x75,0x73,0x3a,0x36,0x3b,0x62,0x6f,0x72,
  0x64,0x65,0x72,0x2e,0x63,0x6f,0x6c,0x6f,0x72,0x3a,0x72,0x6f,0x6f,0x74,0x2e,0x63,
  0x53,0x75,0x72,0x66,0x61,0x63,0x65,0x56,0x61,0x72,0x3b,0x62,0x6f,0x72,0x64,0x65,
  0x72,0x2e,0x77,0x69,0x64,0x74,0x68,0x3a,0x31,0x7d,0xa,0x20,0x20,0x20,0x20,0x20,
  0x20,0x20,0x20,0x20,0x20,0x20,0x20,0x20,0x20,0x20,0x20,0x20,0x20,0x20,0x20,0x20,
  0x20,0x20,0x20,0x6f,0x6e,0x41,0x63,0x63,0x65,0x70,0x74,0x65,0x64,0x3a,0x20,0x5f,
  0x61,0x63,0x62,0x2e,0x63,0x6c,0x69,0x63,0x6b,0x65,0x64,0x28,0x29,0x20,0x7d,0xa,
  0x20,0x20,0x20,0x20,0x20,0x20,0x20,0x20,0x20,0x20,0x20,0x20,0x20,0x20,0x20,0x20,
  0x20,0x20,0x20,0x20,0x52,0x65,0x63,0x74,0x61,0x6e,0x67,0x6c,0x65,0x20,0x7b,0x20,
  0x69,0x64,0x3a,0x5f,0x61,0x63,0x62,0x3b,0x20,0x77,0x69,0x64,0x74,0x68,0x3a,0x36,
  0x30,0x3b,0x20,0x68,0x65,0x69,0x67,0x68,0x74,0x3a,0x33,0x36,0x3b,0x20,0x72,0x61,
  0x64,0x69,0x75,0x73,0x3a,0x36,0x3b,0x20,0x63,0x6f,0x6c,0x6f,0x72,0x3a,0x5f,0x61,
  0x63,0x6d,0x61,0x2e,0x63,0x6f,0x6e,0x74,0x61,0x69,0x6e,0x73,0x4d,0x6f,0x75,0x73,
  0x65,0x3f,0x51,0x74,0x2e,0x6c,0x69,0x67,0x68,0x74,0x65,0x72,0x28,0x72,0x6f,0x6f,
  0x74,0x2e,0x63,0x41,0x63,0x63,0x65,0x6e,0x74,0x2c,0x31,0x2e,0x31,0x29,0x3a,0x72,
  0x6f,0x6f,0x74,0x2e,0x63,0x41,0x63,0x63,0x65,0x6e,0x74,0xa,0x20,0x20,0x20,0x20,
  0x20,0x20,0x20,0x20,0x20,0x20,0x20,0x20,0x20,0x20,0x20,0x20,0x20,0x20,0x20,0x20,
  0x20,0x20,0x20,0x20,0x73,0x69,0x67,0x6e,0x61,0x6c,0x20,0x63,0x6c,0x69,0x63,0x6b,
  0x65,0x64,0x28,0x29,0xa,0x20,0x20,0x20,0x20,0x20,0x20,0x20,0x20,0x20,0x20,0x20,
  0x20,0x20,0x20,0x20,0x20,0x20,0x20,0x20,0x20,0x20,0x20,0x20,0x20,0x54,0x65,0x78,
  0x74,0x20,0x7b,0x20,0x61,0x6e,0x63,0x68,0x6f,0x72,0x73,0x2e,0x63,0x65,0x6e,0x74,
  0x65,0x72,0x49,0x6e,0x3a,0x70,0x61,0x72,0x65,0x6e,0x74,0x3b,0x20,0x74,0x65,0x78,
  0x74,0x3a,0x22,0x41,0x64,0x64,0x22,0x3b,0x20,0x66,0x6f,0x6e,0x74,0x2e,0x70,0x69,
  0x78,0x65,0x6c,0x53,0x69,0x7a,0x65,0x3a,0x31,0x33,0x3b,0x20,0x63,0x6f,0x6c,0x6f,
  0x72,0x3a,0x72,0x6f,0x6f,0x74,0x2e,0x63,0x4f,0x6e,0x41,0x63,0x63,0x65,0x6e,0x74,
  0x20,0x7d,0xa,0x20,0x20,0x20,0x20,0x20,0x20,0x20,0x20,0x20,0x20,0x20,0x20,0x20,
  0x20,0x20,0x20,0x20,0x20,0x20,0x20,0x20,0x20,0x20,0x20,0x4d,0x6f,0x75,0x73,0x65,
  0x41,0x72,0x65,0x61,0x20,0x7b,0x20,0x69,0x64,0x3a,0x5f,0x61,0x63,0x6d,0x61,0x3b,
  0x20,0x61,0x6e,0x63,0x68,0x6f,0x72,0x73,0x2e,0x66,0x69,0x6c,0x6c,0x3a,0x70,0x61,
  0x72,0x65,0x6e,0x74,0x3b,0x20,0x68,0x6f,0x76,0x65,0x72,0x45,0x6e,0x61,0x62,0x6c,
  0x65,0x64,0x3a,0x74,0x72,0x75,0x65,0x3b,0x20,0x63,0x75,0x72,0x73,0x6f,0x72,0x53,
  0x68,0x61,0x70,0x65,0x3a,0x51,0x74,0x2e,0x50,0x6f,0x69,0x6e,0x74,0x69,0x6e,0x67,
  0x48,0x61,0x6e,0x64,0x43,0x75,0x72,0x73,0x6f,0x72,0xa,0x20,0x20,0x20,0x20,0x20,
  0x20,0x20,0x20,0x20,0x20,0x20,0x20,0x20,0x20,0x20,0x20,0x20,0x20,0x20,0x20,0x20,
  0x20,0x20,0x20,0x20,0x20,0x20,0x20,0x6f,0x6e,0x43,0x6c,0x69,0x63,0x6b,0x65,0x64,
  0x3a,0x20,0x7b,0x20,0x69,0x66,0x28,0x5f,0x6e,0x63,0x2e,0x74,0x65,0x78,0x74,0x29,
  0x7b,0x20,0x63,0x6f,0x6e,0x66,0x69,0x67,0x4d,0x61,0x6e,0x61,0x67,0x65,0x72,0x2e,
  0x61,0x64,0x64,0x41,0x75,0x74,0x6f,0x73,0x74,0x61,0x72,0x74,0x28,0x5f,0x6e,0x63,
  0x2e,0x74,0x65,0x78,0x74,0x29,0x3b,0x20,0x5f,0x6e,0x63,0x2e,0x74,0x65,0x78,0x74,
  0x3d,0x22,0x22,0x20,0x7d,0x3b,0x20,0x70,0x61,0x72,0x65,0x6e,0x74,0x2e,0x63,0x6c,
  0x69,0x63,0x6b,0x65,0x64,0x28,0x29,0x20,0x7d,0x20,0x7d,0x20,0x7d,0xa,0x20,0x20,
  0x20,0x20,0x20,0x20,0x20,0x20,0x20,0x20,0x20,0x20,0x20,0x20,0x20,0x20,0x7d,0xa,
  0x20,0x20,0x20,0x20,0x20,0x20,0x20,0x20,0x20,0x20,0x20,0x20,0x7d,0xa,0xa,0x20,
  0x20,0x20,0x20,0x20,0x20,0x20,0x20,0x20,0x20,0x20,0x20,0x53,0x65,0x74,0x74,0x69,
  0x6e,0x67,0x73,0x47,0x72,0x6f,0x75,0x70,0x20,0x7b,0x20,0x74,0x69,0x74,0x6c,0x65,
  0x3a,0x20,0x22,0x53,0x74,0x61,0x72,0x74,0x75,0x70,0x20,0x43,0x6f,0x6d,0x6d,0x61,
  0x6e,0x64,0x73,0x20,0x28,0x22,0x2b,0x63,0x6f,0x6e,0x66,0x69,0x67,0x4d,0x61,0x6e,
  0x61,0x67,0x65,0x72,0x2e,0x61,0x75,0x74,0x6f,0x73,0x74,0x61,0x72,0x74,0x2e,0x6c,
  0x65,0x6e,0x67,0x74,0x68,0x2b,0x22,0x29,0x22,0xa,0x20,0x20,0x20,0x20,0x20,0x20,
  0x20,0x20,0x20,0x20,0x20,0x20,0x20,0x20,0x20,0x20,0x52,0x65,0x70,0x65,0x61,0x74,
  0x65,0x72,0x20,0x7b,0x20,0x6d,0x6f,0x64,0x65,0x6c,0x3a,0x20,0x63,0x6f,0x6e,0x66,
  0x69,0x67,0x4d,0x61,0x6e,0x61,0x67,0x65,0x72,0x2e,0x61,0x75,0x74,0x6f,0x73,0x74,
  0x61,0x72,0x74,0xa,0x20,0x20,0x20,0x20,0x20,0x20,0x20,0x20,0x20,0x20,0x20,0x20,
  0x20,0x20,0x20,0x20,0x20,0x20,0x20,0x20,0x52,0x6f,0x77,0x4c,0x61,0x79,0x6f,0x75,
  0x74,0x20,0x7b,0x20,0x4c,0x61,0x79,0x6f,0x75,0x74,0x2e,0x66,0x69,0x6c,0x6c,0x57,
  0x69,0x64,0x74,0x68,0x3a,0x74,0x72,0x75,0x65,0x3b,0x20,0x73,0x70,0x61,0x63,0x69,
  0x6e,0x67,0x3a,0x31,0x30,0xa,0x20,0x20,0x20,0x20,0x20,0x20,0x20,0x20,0x20,0x20,
  0x20,0x20,0x20,0x20,0x20,0x20,0x20,0x20,0x20,0x20,0x20,0x20,0x20,0x20,0x54,0x65,
  0x78,0x74,0x20,0x7b,0x20,0x74,0x65,0x78,0x74,0x3a,0x6d,0x6f,0x64,0x65,0x6c,0x44,
  0x61,0x74,0x61,0x3b,0x20,0x63,0x6f,0x6c,0x6f,0x72,0x3a,0x72,0x6f,0x6f,0x74,0x2e,
  0x63,0x54,0x65,0x78,0x74,0x3b,0x20,0x66,0x6f,0x6e,0x74,0x2e,0x70,0x69,0x78,0x65,
  0x6c,0x53,0x69,0x7a,0x65,0x3a,0x31,0x33,0x3b,0x20,0x66,0x6f,0x6e,0x74,0x2e,0x66,
  0x61,0x6d,0x69,0x6c,0x79,0x3a,0x22,0x6d,0x6f,0x6e,0x6f,0x73,0x70,0x61,0x63,0x65,
  0x22,0x3b,0x20,0x4c,0x61,0x79,0x6f,0x75,0x74,0x2e,0x66,0x69,0x6c,0x6c,0x57,0x69,
  0x64,0x74,0x68,0x3a,0x74,0x72,0x75,0x65,0x3b,0x20,0x65,0x6c,0x69,0x64,0x65,0x3a,
  0x54,0x65,0x78,0x74,0x2e,0x45,0x6c,0x69,0x64,0x65,0x52,0x69,0x67,0x68,0x74,0x20,
  0x7d,0xa,0x20,0x20,0x20,0x20,0x20,0x20,0x20,0x20,0x20,0x20,0x20,0x20,0x20,0x20,
  0x20,0x20,0x20,0x20,0x20,0x20,0x20,0x20,0x20,0x20,0x54,0x65,0x78,0x74,0x20,0x7b,
  0x20,0x74,0x65,0x78,0x74,0x3a,0x22,0xe2,0x9c,0x95,0x22,0x3b,0x20,0x63,0x6f,0x6c,
  0x6f,0x72,0x3a,0x72,0x6f,0x6f,0x74,0x2e,0x63,0x45,0x72,0x72,0x6f,0x72,0x3b,0x20,
  0x66,0x6f,0x6e,0x74,0x2e,0x70,0x69,0x78,0x65,0x6c,0x53,0x69,0x7a,0x65,0x3a,0x31,
  0x36,0xa,0x20,0x20,0x20,0x20,0x20,0x20,0x20,0x20,0x20,0x20,0x20,0x20,0x20,0x20,
  0x20,0x20,0x20,0x20,0x20,0x20,0x20,0x20,0x20,0x20,0x20,0x20,0x20,0x20,0x4d,0x6f,
  0x75,0x73,0x65,0x41,0x72,0x65,0x61,0x20,0x7b,0x20,0x61,0x6e,0x63,0x68,0x6f,0x72,
  0x73,0x2e,0x66,0x69,0x6c,0x6c,0x3a,0x70,0x61,0x72,0x65,0x6e,0x74,0x3b,0x20,0x61,
  0x6e,0x63,0x68,0x6f,0x72,0x73,0x2e,0x6d,0x61,0x72,0x67,0x69,0x6e,0x73,0x3a,0x2d,
  0x36,0x3b,0x20,0x63,0x75,0x72,0x73,0x6f,0x72,0x53,0x68,0x61,0x70,0x65,0x3a,0x51,
  0x74,0x2e,0x50,0x6f,0x69,0x6e,0x74,0x69,0x6e,0x67,0x48,0x61,0x6e,0x64,0x43,0x75,
  0x72,0x73,0x6f,0x72,0x3b,0x20,0x6f,0x6e,0x43,0x6c,0x69,0x63,0x6b,0x65,0x64,0x3a,
  0x63,0x6f,0x6e,0x66,0x69,0x67,0x4d,0x61,0x6e,0x61,0x67,0x65,0x72,0x2e,0x72,0x65,
  0x6d,0x6f,0x76,0x65,0x41,0x75,0x74,0x6f,0x73,0x74,0x61,0x72,0x74,0x28,0x69,0x6e,
  0x64,0x65,0x78,0x29,0x20,0x7d,0x20,0x7d,0xa,0x20,0x20,0x20,0x20,0x20,0x20,0x20,
  0x20,0x20,0x20,0x20,0x20,0x20,0x20,0x20,0x20,0x20,0x20,0x20,0x20,0x7d,0xa,0x20,
  0x20,0x20,0x20,0x20,0x20,0x20,0x20,0x20,0x20,0x20,0x20,0x20,0x20,0x20,0x20,0x7d,
  0xa,0x20,0x20,0x20,0x20,0x20,0x20,0x20,0x20,0x20,0x20,0x20,0x20,0x7d,0xa,0x20,
  0x20,0x20,0x20,0x20,0x20,0x20,0x20,0x20,0x20,0x20,0x20,0x49,0x74,0x65,0x6d,0x20,
  0x7b,0x20,0x68,0x65,0x69,0x67,0x68,0x74,0x3a,0x20,0x33,0x30,0x20,0x7d,0xa,0x20,
  0x20,0x20,0x20,0x20,0x20,0x20,0x20,0x7d,0xa,0x20,0x20,0x20,0x20,0x7d,0xa,0x7d,
  0xa,
    // TilingPage.qml
  0x0,0x0,0x4,0xbd,
  0x69,
  0x6d,0x70,0x6f,0x72,0x74,0x20,0x51,0x74,0x51,0x75,0x69,0x63,0x6b,0xa,0x69,0x6d,
  0x70,0x6f,0x72,0x74,0x20,0x51,0x74,0x51,0x75,0x69,0x63,0x6b,0x2e,0x43,0x6f,0x6e,
  0x74,0x72,0x6f,0x6c,0x73,0xa,0x69,0x6d,0x70,0x6f,0x72,0x74,0x20,0x51,0x74,0x51,
  0x75,0x69,0x63,0x6b,0x2e,0x4c,0x61,0x79,0x6f,0x75,0x74,0x73,0xa,0x69,0x6d,0x70,
  0x6f,0x72,0x74,0x20,0x22,0x2e,0x2e,0x2f,0x63,0x6f,0x6d,0x70,0x6f,0x6e,0x65,0x6e,
  0x74,0x73,0x22,0xa,0xa,0x49,0x74,0x65,0x6d,0x20,0x7b,0xa,0x20,0x20,0x20,0x20,
  0x53,0x63,0x72,0x6f,0x6c,0x6c,0x56,0x69,0x65,0x77,0x20,0x7b,0x20,0x61,0x6e,0x63,
  0x68,0x6f,0x72,0x73,0x2e,0x66,0x69,0x6c,0x6c,0x3a,0x20,0x70,0x61,0x72,0x65,0x6e,
  0x74,0x3b,0x20,0x63,0x6f,0x6e,0x74,0x65,0x6e,0x74,0x57,0x69,0x64,0x74,0x68,0x3a,
  0x20,0x61,0x76,0x61,0x69,0x6c,0x61,0x62,0x6c,0x65,0x57,0x69,0x64,0x74,0x68,0xa,
  0x20,0x20,0x20,0x20,0x20,0x20,0x20,0x20,0x43,0x6f,0x6c,0x75,0x6d,0x6e,0x4c,0x61,
  0x79,0x6f,0x75,0x74,0x20,0x7b,0x20,0x77,0x69,0x64,0x74,0x68,0x3a,0x20,0x70,0x61,
  0x72,0x65,0x6e,0x74,0x2e,0x77,0x69,0x64,0x74,0x68,0x20,0x2d,0x20,0x36,0x30,0x3b,
  0x20,0x78,0x3a,0x20,0x33,0x30,0x3b,0x20,0x73,0x70,0x61,0x63,0x69,0x6e,0x67,0x3a,
  0x20,0x32,0x30,0xa,0x20,0x20,0x20,0x20,0x20,0x20,0x20,0x20,0x20,0x20,0x20,0x20,
  0x54,0x65,0x78,0x74,0x20,0x7b,0x20,0x74,0x65,0x78,0x74,0x3a,0x20,0x22,0x54,0x69,
  0x6c,0x69,0x6e,0x67,0x22,0x3b,0x20,0x66,0x6f,0x6e,0x74,0x2e,0x70,0x69,0x78,0x65,
  0x6c,0x53,0x69,0x7a,0x65,0x3a,0x20,0x32,0x36,0x3b,0x20,0x66,0x6f,0x6e,0x74,0x2e,
  0x62,0x6f,0x6c,0x64,0x3a,0x20,0x74,0x72,0x75,0x65,0x3b,0x20,0x63,0x6f,0x6c,0x6f,
  0x72,0x3a,0x20,0x72,0x6f,0x6f,0x74,0x2e,0x63,0x54,0x65,0x78,0x74,0x3b,0x20,0x4c,
  0x61,0x79,0x6f,0x75,0x74,0x2e,0x74,0x6f,0x70,0x4d,0x61,0x72,0x67,0x69,0x6e,0x3a,
  0x20,0x33,0x30,0x20,0x7d,0xa,0xa,0x20,0x20,0x20,0x20,0x20,0x20,0x20,0x20,0x20,
  0x20,0x20,0x20,0x53,0x65,0x74,0x74,0x69,0x6e,0x67,0x73,0x47,0x72,0x6f,0x75,0x70,
  0x20,0x7b,0x20,0x74,0x69,0x74,0x6c,0x65,0x3a,0x20,0x22,0x4d,0x61,0x73,0x74,0x65,
  0x72,0x2d,0x53,0x74,0x61,0x63,0x6b,0x20,0x4c,0x61,0x79,0x6f,0x75,0x74,0x22,0xa,
  0x20,0x20,0x20,0x20,0x20,0x20,0x20,0x20,0x20,0x20,0x20,0x20,0x20,0x20,0x20,0x20,
  0x53,0x65,0x74,0x74,0x69,0x6e,0x67,0x73,0x52,0x6f,0x77,0x20,0x7b,0x20,0x6c,0x61,
  0x62,0x65,0x6c,0x3a,0x20,0x22,0x4d,0x61,0x73,0x74,0x65,0x72,0x20,0x43,0x6f,0x75,
  0x6e,0x74,0x22,0xa,0x20,0x20,0x20,0x20,0x20,0x20,0x20,0x20,0x20,0x20,0x20,0x20,
  0x20,0x20,0x20,0x20,0x20,0x20,0x20,0x20,0x53,0x70,0x69,0x6e,0x42,0x6f,0x78,0x20,
  0x7b,0x20,0x66,0x72,0x6f,0x6d,0x3a,0x31,0x3b,0x20,0x74,0x6f,0x3a,0x35,0x3b,0x20,
  0x76,0x61,0x6c,0x75,0x65,0x3a,0x63,0x6f,0x6e,0x66,0x69,0x67,0x4d,0x61,0x6e,0x61,
  0x67,0x65,0x72,0x2e,0x6d,0x61,0x73,0x74,0x65,0x72,0x43,0x6f,0x75,0x6e,0x74,0x3b,
  0x20,0x6f,0x6e,0x56,0x61,0x6c,0x75,0x65,0x43,0x68,0x61,0x6e,0x67,0x65,0x64,0x3a,
  0x20,0x63,0x6f,0x6e,0x66,0x69,0x67,0x4d,0x61,0x6e,0x61,0x67,0x65,0x72,0x2e,0x6d,
  0x61,0x73,0x74,0x65,0x72,0x43,0x6f,0x75,0x6e,0x74,0x3d,0x76,0x61,0x6c,0x75,0x65,
  0xa,0x20,0x20,0x20,0x20,0x20,0x20,0x20,0x20,0x20,0x20,0x20,0x20,0x20,0x20,0x20,
  0x20,0x20,0x20,0x20,0x20,0x20,0x20,0x20,0x20,0x62,0x61,0x63,0x6b,0x67,0x72,0x6f,
  0x75,0x6e,0x64,0x3a,0x20,0x52,0x65,0x63,0x74,0x61,0x6e,0x67,0x6c,0x65,0x7b,0x63,
  0x6f,0x6c,0x6f,0x72,0x3a,0x72,0x6f,0x6f,0x74,0x2e,0x63,0x43,0x72,0x75,0x73,0x74,
  0x3b,0x72,0x61,0x64,0x69,0x75,0x73,0x3a,0x36,0x3b,0x62,0x6f,0x72,0x64,0x65,0x72,
  0x2e,0x63,0x6f,0x6c,0x6f,0x72,0x3a,0x72,0x6f,0x6f,0x74,0x2e,0x63,0x53,0x75,0x72,
  0x66,0x61,0x63,0x65,0x56,0x61,0x72,0x3b,0x62,0x6f,0x72,0x64,0x65,0x72,0x2e,0x77,
  0x69,0x64,0x74,0x68,0x3a,0x31,0x7d,0x20,0x7d,0x20,0x7d,0xa,0xa,0x20,0x20,0x20,
  0x20,0x20,0x20,0x20,0x20,0x20,0x20,0x20,0x20,0x20,0x20,0x20,0x20,0x53,0x65,0x74,
  0x74,0x69,0x6e,0x67,0x73,0x52,0x6f,0x77,0x20,0x7b,0x20,0x6c,0x61,0x62,0x65,0x6c,
  0x3a,0x20,0x22,0x4d,0x61,0x73,0x74,0x65,0x72,0x20,0x52,0x61,0x74,0x69,0x6f,0x22,
  0xa,0x20,0x20,0x20,0x20,0x20,0x20,0x20,0x20,0x20,0x20,0x20,0x20,0x20,0x20,0x20,
  0x20,0x20,0x20,0x20,0x20,0x52,0x6f,0x77,0x4c,0x61,0x79,0x6f,0x75,0x74,0x20,0x7b,
  0x20,0x73,0x70,0x61,0x63,0x69,0x6e,0x67,0x3a,0x20,0x31,0x30,0xa,0x20,0x20,0x20,
  0x20,0x20,0x20,0x20,0x20,0x20,0x20,0x20,0x20,0x20,0x20,0x20,0x20,0x20,0x20,0x20,
  0x20,0x20,0x20,0x20,0x20,0x53,0x6c,0x69,0x64,0x65,0x72,0x20,0x7b,0x20,0x69,0x64,
  0x3a,0x5f,0x72,0x73,0x3b,0x20,0x66,0x72,0x6f,0x6d,0x3a,0x30,0x2e,0x31,0x3b,0x20,
  0x74,0x6f,0x3a,0x30,0x2e,0x39,0x3b,0x20,0x73,0x74,0x65,0x70,0x53,0x69,0x7a,0x65,
  0x3a,0x30,0x2e,0x30,0x35,0x3b,0x20,0x76,0x61,0x6c,0x75,0x65,0x3a,0x63,0x6f,0x6e,
  0x66,0x69,0x67,0x4d,0x61,0x6e,0x61,0x67,0x65,0x72,0x2e,0x6d,0x61,0x73,0x74,0x65,
  0x72,0x52,0x61,0x74,0x69,0x6f,0x3b,0x20,0x69,0x6d,0x70,0x6c,0x69,0x63,0x69,0x74,
  0x57,0x69,0x64,0x74,0x68,0x3a,0x31,0x38,0x30,0xa,0x20,0x20,0x20,0x20,0x20,0x20,
  0x20,0x20,0x20,0x20,0x20,0x20,0x20,0x20,0x20,0x20,0x20,0x20,0x20,0x20,0x20,0x20,
  0x20,0x20,0x20,0x20,0x20,0x20,0x6f,0x6e,0x4d,0x6f,0x76,0x65,0x64,0x3a,0x20,0x63,
  0x6f,0x6e,0x66,0x69,0x67,0x4d,0x61,0x6e,0x61,0x67,0x65,0x72,0x2e,0x6d,0x61,0x73,
  0x74,0x65,0x72,0x52,0x61,0x74,0x69,0x6f,0x3d,0x76,0x61,0x6c,0x75,0x65,0x20,0x7d,
  0xa,0x20,0x20,0x20,0x20,0x20,0x20,0x20,0x20,0x20,0x20,0x20,0x20,0x20,0x20,0x20,
  0x20,0x20,0x20,0x20,0x20,0x20,0x20,0x20,0x20,0x54,0x65,0x78,0x74,0x20,0x7b,0x20,
  0x74,0x65,0x78,0x74,0x3a,0x63,0x6f,0x6e,0x66,0x69,0x67,0x4d,0x61,0x6e,0x61,0x67,
  0x65,0x72,0x2e,0x6d,0x61,0x73,0x74,0x65,0x72,0x52,0x61,0x74,0x69,0x6f,0x2e,0x74,
  0x6f,0x46,0x69,0x78,0x65,0x64,0x28,0x32,0x29,0x3b,0x20,0x66,0x6f,0x6e,0x74,0x2e,
  0x70,0x69,0x78,0x65,0x6c,0x53,0x69,0x7a,0x65,0x3a,0x31,0x33,0x3b,0x20,0x63,0x6f,
  0x6c,0x6f,0x72,0x3a,0x72,0x6f,0x6f,0x74,0x2e,0x63,0x53,0x75,0x62,0x74,0x65,0x78,
  0x74,0x20,0x7d,0xa,0x20,0x20,0x20,0x20,0x20,0x20,0x20,0x20,0x20,0x20,0x20,0x20,
  0x20,0x20,0x20,0x20,0x20,0x20,0x20,0x20,0x7d,0xa,0x20,0x20,0x20,0x20,0x20,0x20,
  0x20,0x20,0x20,0x20,0x20,0x20,0x20,0x20,0x20,0x20,0x7d,0xa,0x20,0x20,0x20,0x20,
  0x20,0x20,0x20,0x20,0x20,0x20,0x20,0x20,0x7d,0xa,0x20,0x20,0x20,0x20,0x20,0x20,
  0x20,0x20,0x20,0x20,0x20,0x20,0x49,0x74,0x65,0x6d,0x20,0x7b,0x20,0x68,0x65,0x69,
  0x67,0x68,0x74,0x3a,0x20,0x33,0x30,0x20,0x7d,0xa,0x20,0x20,0x20,0x20,0x20,0x20,
  0x20,0x20,0x7d,0xa,0x20,0x20,0x20,0x20,0x7d,0xa,0x7d,0xa,
    // DecorationPage.qml
  0x0,0x0,0x4,0x73,
  0x28,
  0xb5,0x2f,0xfd,0x60,0x88,0x19,0x4d,0x23,0x0,0x36,0xaa,0x7a,0x25,0x0,0xb1,0xe8,
  0xe0,0x21,0x83,0x48,0x69,0x92,0x44,0xee,0xd0,0x20,0xbd,0xad,0x5d,0x93,0xa3,0xfc,
  0x54,0x61,0x5a,0x7a,0xf2,0x83,0xfd,0x41,0xb9,0x49,0x17,0x22,0x51,0x55,0x35,0x0,
  0x9a,0x10,0x6e,0x0,0x6f,0x0,0x71,0x0,0x8b,0x45,0xcf,0x8d,0x49,0x9,0xe2,0xde,
  0x77,0xde,0x4f,0x1b,0xa0,0x6c,0xaf,0x51,0x8b,0x82,0x83,0x6c,0x15,0xef,0x73,0x58,
  0x44,0xc8,0xa6,0x49,0xa9,0x40,0x21,0x7,0x32,0xe2,0xe0,0x2b,0x83,0x3d,0xe5,0xa3,
  0xf0,0xe2,0xe0,0xba,0x8c,0xcb,0x66,0x3d,0xb5,0x17,0xcf,0xfa,0xdc,0x2f,0xa5,0x67,
  0x75,0x87,0x65,0x83,0x70,0x31,0x51,0xf4,0xb6,0x1e,0xbb,0xe4,0x24,0x87,0xae,0x5,
  0xbe,0x4a,0x66,0xe6,0xc3,0xc9,0x4b,0x3f,0xe2,0x79,0xa0,0xf8,0xac,0xdc,0x8f,0x20,
  0x8a,0xa0,0xcf,0x7a,0xe3,0x24,0x22,0x6c,0x7f,0xee,0x29,0x7a,0x36,0xde,0x66,0x94,
  0xa7,0xe4,0x7b,0x63,0xd7,0x6,0x13,0x47,0xe1,0x3f,0xad,0xe0,0xac,0xbd,0xda,0x78,
  0xee,0x92,0xcf,0xc3,0xa2,0x19,0x74,0x99,0xd6,0x7f,0xd0,0xae,0x76,0x8c,0xa6,0x23,
  0xbc,0xd8,0x5b,0xd5,0x2a,0x44,0x27,0x3b,0xf9,0xd0,0x8a,0x9d,0x35,0x4d,0xdc,0x29,
  0x51,0x54,0xe4,0x5a,0x39,0x76,0x93,0x6a,0x31,0xdc,0xaf,0x51,0xba,0xf1,0xd4,0x7a,
  0xc9,0x49,0xeb,0xfd,0x72,0xc4,0x64,0x7,0xa8,0x5d,0x1,0xb9,0xbb,0x58,0x28,0xfc,
  0xc5,0xb2,0xf6,0x87,0x58,0xf1,0xfe,0x6b,0xe5,0xe9,0x24,0x6f,0xe5,0x6e,0x82,0xf5,
  0x47,0x29,0xbd,0xe8,0xbb,0x3d,0x9b,0x37,0xd4,0xcc,0x3f,0x1b,0x5,0xfb,0xa2,0xa0,
  0x1d,0x5b,0x81,0xaa,0x9,0x4a,0xb9,0x86,0x51,0x5c,0x48,0x68,0x16,0x27,0xa9,0xec,
  0x4f,0xd6,0x2a,0x7b,0x77,0xe5,0x6,0x62,0x18,0x24,0x9,0x8,0x16,0x36,0x70,0x2f,
  0x27,0xc9,0xe7,0x96,0x38,0x8e,0xa8,0x22,0x9a,0xd9,0x7f,0x90,0x7c,0xe0,0xe5,0xed,
  0xd8,0x6b,0x35,0x6e,0xf2,0xb0,0xe2,0xf2,0x4a,0x96,0x72,0xe0,0xbe,0xf8,0x7d,0xb,
  0xb1,0x6b,0x53,0xa2,0xa0,0xae,0x64,0x4a,0x8d,0xd,0xb,0x2a,0x99,0x70,0xb0,0x90,
  0xd0,0x63,0x54,0x22,0xb9,0x33,0x72,0xff,0x67,0x11,0x84,0x8a,0x74,0x65,0xef,0xa9,
  0x63,0xe0,0xce,0xa2,0xcf,0x61,0x3c,0xab,0x44,0xae,0x94,0xf7,0x45,0x52,0x68,0x31,
  0x5b,0xca,0xb9,0xf4,0x31,0xf3,0x4f,0x27,0xe0,0x1,0x38,0x5e,0xf8,0x59,0x5b,0x9e,
  0xdd,0x6a,0x70,0xc7,0x8,0xb7,0x6,0xb7,0xb7,0xbb,0x3e,0xc5,0xfd,0x34,0x4a,0x8f,
  0xc,0x68,0xe3,0xee,0x5a,0xc7,0x20,0x8c,0xc7,0x79,0xbc,0x74,0x97,0xe1,0x64,0x5b,
  0xa8,0x29,0x4d,0x14,0x3b,0x8,0xde,0xa6,0x88,0x9e,0xd2,0x14,0x73,0x56,0xc5,0x3b,
  0x7a,0xf6,0x34,0xd3,0x96,0xd4,0xa8,0x4d,0x4e,0x3a,0x75,0xc8,0xe5,0x41,0x78,0x2,
  0x61,0x2,0x35,0x8e,0x70,0x7d,0xd6,0x97,0x2d,0x3,0xc,0x22,0x3,0x81,0x8d,0xbb,
  0x7d,0x7,0x70,0x85,0xd1,0x53,0x34,0x66,0x3d,0x89,0xbc,0xee,0xb9,0x5f,0xe4,0xae,
  0x4b,0x3,0x20,0x19,0x92,0xa,0x81,0x10,0xa8,0x1,0xa2,0x42,0x23,0x24,0x22,0x29,
  0x48,0xa,0x92,0x61,0xd,0x41,0x14,0x42,0x98,0xb4,0x4e,0xbb,0xea,0x92,0x80,0x24,
  0x15,0x63,0x8,0x87,0x18,0x63,0x4,0x44,0x11,0x81,0x13,0x22,0x1,0x31,0xce,0x84,
  0x12,0x88,0x8c,0xc8,0x4,0x9a,0x82,0xe,0x81,0x69,0xba,0x1e,0xf9,0x5b,0x13,0xff,
  0xf,0x5a,0x3d,0xe6,0xcb,0xa9,0xc2,0x44,0xfc,0xa3,0x41,0xb3,0xab,0x6b,0x43,0x9a,
  0xa2,0xbc,0xbc,0x34,0xc2,0xb5,0x10,0xb9,0xe5,0x53,0xb,0x2f,0x2b,0x71,0x50,0x87,
  0xf6,0xc9,0x42,0xd9,0xe9,0xfe,0x90,0xd5,0xb1,0x7b,0x5,0x63,0xfb,0x4d,0xa3,0x60,
  0x2e,0x60,0x77,0xe7,0xfe,0x2f,0x62,0x2e,0x3d,0x75,0x99,0x1e,0x67,0x1e,0xb8,0x3b,
  0x17,0x49,0x7f,0x64,0xe,0xb3,0x31,0xef,0x59,0x15,0x73,0x88,0x49,0x50,0x4f,0x22,
  0x2d,0xce,0x13,0x3a,0x0,0x5d,0xfa,0x38,0x5c,0x12,0x94,0x1,0x37,0x6,0x3b,0x41,
  0xae,0x80,0x95,0x42,0xac,0x6d,0x58,0xbc,0x47,0xfd,0x8e,0xbb,0xca,0x45,0xf3,0xad,
  0x58,0xd6,0x51,0x95,0x51,0x0,0x4a,0x37,0xc1,0x32,0xe4,0x38,0x29,0x25,0x69,0xeb,
  0xfb,0x7c,0xd7,0x32,0x23,0x44,0xb3,0xdf,0xa5,0x10,0x54,0xda,0x17,0xbe,0x48,0xb4,
  0xf5,0x24,0x6e,0x45,0xcc,0x4f,0xf,0xe,0xa8,0x1b,0x44,0xa3,0xc9,0xa,0xcb,0xdc,
  0x43,0x2e,0xc2,0x6a,0xdf,0xc1,0xde,0xf,0xd4,0xf8,0xf3,0x71,0x68,0x15,0xe9,0xd8,
  0xf4,0x14,0x73,0xb3,0x25,0xd6,0xcd,0x37,0x84,0xe1,0x5d,0x29,0x9f,0x3e,0x4b,0x9,
  0x52,0xf,0xde,0x8b,0x7a,0x52,0xaa,0x5,0xe2,0xe0,0xa9,0x6a,0xa3,0x47,0xcf,0x87,
  0xb8,0x38,0x88,0x38,0x3e,0x8a,0x55,0x8b,0x44,0x40,0xd4,0xc,0xe1,0x81,0x49,0x4d,
  0xa4,0x10,0x5f,0x35,0x35,0xbb,0x6e,0x89,0xa7,0xd8,0xba,0x9d,0xbf,0x72,0xd6,0xea,
  0x10,0x8d,0xda,0x47,0x5f,0x79,0xa9,0x8b,0xa3,0x16,0x8c,0x28,0x3,0xfe,0xdf,0x2,
  0x7f,0x74,0x5f,0xc9,0x6d,0x6c,0x7b,0x65,0xfb,0xf8,0xbe,0xf9,0x72,0x12,0x50,0x6c,
  0xef,0xac,0x1e,0x53,0x99,0x30,0x16,0x0,0xe9,0xcb,0x87,0x80,0x19,0x28,0x43,0xb7,
  0x25,0x7,0x66,0x24,0x17,0xf,0x4e,0xb7,0x6b,0xa9,0xf8,0xd7,0x7e,0x53,0xe2,0x8d,
  0x2,0xf5,0x4e,0x3c,0xbf,0x1a,0x2e,0xe2,0x16,0xee,0xd9,0xbe,0x3c,0x7f,0x3e,0x5d,
  0x7b,0xaf,0xbb,0x14,0x10,0xdc,0x77,0x15,0xbd,0x26,0x1e,0xb5,0xf6,0x91,0xeb,0xd3,
  0x2e,0x53,0x7e,0x5d,0x10,0xca,0x42,0xfe,0xad,0x75,0xe3,0x38,0xfa,0x1c,0x7e,0x9d,
  0xa1,0xb0,0x7,0x5b,0x23,0x88,0xf6,0xcb,0x57,0x40,0xf6,0xf8,0x6b,0x48,0x3d,0x66,
  0xb5,0xd2,0xa6,0x51,0xac,0xd5,0xc8,0x3d,0x37,0x56,0x4b,0x86,0x3a,0x92,0x69,0x49,
  0x16,0x40,0xcc,0x65,0xc5,0x22,0x5d,0xbe,0x70,0x61,0xf8,0xb1,0x50,0xb9,0xe5,0x76,
  0x3,0x46,0x48,0x5e,0x41,0x78,0xe2,0x4f,0xe,0x25,0x78,0xc0,0xa1,0x3c,0xa,0xd6,
  0x97,0x34,0xfa,0x10,0x83,0xa1,0x1d,0xbb,0x45,0xd9,0x52,0xf,0x42,0x34,0xf3,0x9b,
  0xff,0x19,0x93,0x59,0xc0,0x36,0x27,0x23,0x25,0x56,0x75,0x66,0x85,0x82,0x54,0xca,
  0x1c,0x3e,0x49,0x4a,0xf1,0x9,0xeb,0x4a,0x22,0x39,0xfa,0x41,0x4f,0x47,0x6f,0x4e,
  0x95,0x93,0xb8,0x1d,0x60,0xc0,0x73,0x98,0x54,0x47,0xe8,0x68,0x59,0xee,0x79,0x6f,
  0xcb,0x44,0x33,0xb0,0x82,0xd3,0x76,0x1b,0x94,0x62,0x38,0x82,0xd9,0x9b,0x34,0xc9,
  0x7a,0xe6,0xe4,0xc1,0xa,0x2,0xd8,0x9d,0x6e,0x7,0xae,0x47,0xa3,0xa7,0xbf,0x62,
  0xbf,0x9e,0x8a,0xd5,0x76,0x62,0xd1,0xf,0x19,0x54,0xea,0x3,0xc,0x48,0x97,0x1c,
  0x42,0x58,0x30,0x53,0x84,0x8,0x3d,0x8c,0xa7,0xbb,0x84,0x76,0x6,0x11,0x77,0x90,
  0xa,0x42,0xe,0xb9,0x7b,0xa1,0x74,0xdc,0x86,0x68,0x8,0xd7,0xf8,0xe3,0x93,0x37,
  0xfa,0xc7,0x1a,0xb4,0x4a,0xcc,0x45,0x47,0xe6,0xd6,0xe5,0xa0,0xf5,0xe1,0x14,0x38,
  0xe1,0x7,
    // SettingsRow.qml
  0x0,0x0,0x1,0xda,
  0x69,
  0x6d,0x70,0x6f,0x72,0x74,0x20,0x51,0x74,0x51,0x75,0x69,0x63,0x6b,0xa,0x69,0x6d,
  0x70,0x6f,0x72,0x74,0x20,0x51,0x74,0x51,0x75,0x69,0x63,0x6b,0x2e,0x4c,0x61,0x79,
  0x6f,0x75,0x74,0x73,0xa,0xa,0x52,0x6f,0x77,0x4c,0x61,0x79,0x6f,0x75,0x74,0x20,
  0x7b,0xa,0x20,0x20,0x20,0x20,0x69,0x64,0x3a,0x20,0x73,0x72,0xa,0x20,0x20,0x20,
  0x20,0x70,0x72,0x6f,0x70,0x65,0x72,0x74,0x79,0x20,0x73,0x74,0x72,0x69,0x6e,0x67,
  0x20,0x6c,0x61,0x62,0x65,0x6c,0x3a,0x20,0x22,0x22,0xa,0x20,0x20,0x20,0x20,0x70,
  0x72,0x6f,0x70,0x65,0x72,0x74,0x79,0x20,0x73,0x74,0x72,0x69,0x6e,0x67,0x20,0x64,
  0x65,0x73,0x63,0x3a,0x20,0x22,0x22,0xa,0x20,0x20,0x20,0x20,0x64,0x65,0x66,0x61,
  0x75,0x6c,0x74,0x20,0x70,0x72,0x6f,0x70,0x65,0x72,0x74,0x79,0x20,0x61,0x6c,0x69,
  0x61,0x73,0x20,0x63,0x68,0x69,0x6c,0x64,0x72,0x65,0x6e,0x3a,0x20,0x5f,0x63,0x74,
  0x72,0x6c,0x2e,0x64,0x61,0x74,0x61,0xa,0x20,0x20,0x20,0x20,0x4c,0x61,0x79,0x6f,
  0x75,0x74,0x2e,0x66,0x69,0x6c,0x6c,0x57,0x69,0x64,0x74,0x68,0x3a,0x20,0x74,0x72,
  0x75,0x65,0x3b,0x20,0x73,0x70,0x61,0x63,0x69,0x6e,0x67,0x3a,0x20,0x31,0x36,0xa,
  0x20,0x20,0x20,0x20,0x43,0x6f,0x6c,0x75,0x6d,0x6e,0x4c,0x61,0x79,0x6f,0x75,0x74,
  0x20,0x7b,0x20,0x4c,0x61,0x79,0x6f,0x75,0x74,0x2e,0x66,0x69,0x6c,0x6c,0x57,0x69,
  0x64,0x74,0x68,0x3a,0x20,0x74,0x72,0x75,0x65,0x3b,0x20,0x73,0x70,0x61,0x63,0x69,
  0x6e,0x67,0x3a,0x20,0x32,0xa,0x20,0x20,0x20,0x20,0x20,0x20,0x20,0x20,0x54,0x65,
  0x78,0x74,0x20,0x7b,0x20,0x74,0x65,0x78,0x74,0x3a,0x20,0x73,0x72,0x2e,0x6c,0x61,
  0x62,0x65,0x6c,0x3b,0x20,0x66,0x6f,0x6e,0x74,0x2e,0x70,0x69,0x78,0x65,0x6c,0x53,
  0x69,0x7a,0x65,0x3a,0x20,0x31,0x33,0x3b,0x20,0x63,0x6f,0x6c,0x6f,0x72,0x3a,0x20,
  0x72,0x6f,0x6f,0x74,0x2e,0x63,0x54,0x65,0x78,0x74,0x20,0x7d,0xa,0x20,0x20,0x20,
  0x20,0x20,0x20,0x20,0x20,0x54,0x65,0x78,0x74,0x20,0x7b,0x20,0x74,0x65,0x78,0x74,
  0x3a,0x20,0x73,0x72,0x2e,0x64,0x65,0x73,0x63,0x3b,0x20,0x66,0x6f,0x6e,0x74,0x2e,
  0x70,0x69,0x78,0x65,0x6c,0x53,0x69,0x7a,0x65,0x3a,0x20,0x31,0x31,0x3b,0x20,0x63,
  0x6f,0x6c,0x6f,0x72,0x3a,0x20,0x72,0x6f,0x6f,0x74,0x2e,0x63,0x53,0x75,0x62,0x74,
  0x65,0x78,0x74,0x3b,0x20,0x76,0x69,0x73,0x69,0x62,0x6c,0x65,0x3a,0x20,0x73,0x72,
  0x2e,0x64,0x65,0x73,0x63,0x20,0x21,0x3d,0x3d,0x20,0x22,0x22,0x20,0x7d,0xa,0x20,
  0x20,0x20,0x20,0x7d,0xa,0x20,0x20,0x20,0x20,0x52,0x6f,0x77,0x20,0x7b,0x20,0x69,
  0x64,0x3a,0x20,0x5f,0x63,0x74,0x72,0x6c,0x3b,0x20,0x73,0x70,0x61,0x63,0x69,0x6e,
  0x67,0x3a,0x20,0x38,0x20,0x7d,0xa,0x7d,0xa,
    // StyledComboBox.qml
  0x0,0x0,0xa,0xc4,
  0x69,
  0x6d,0x70,0x6f,0x72,0x74,0x20,0x51,0x74,0x51,0x75,0x69,0x63,0x6b,0xa,0x69,0x6d,
  0x70,0x6f,0x72,0x74,0x20,0x51,0x74,0x51,0x75,0x69,0x63,0x6b,0x2e,0x43,0x6f,0x6e,
  0x74,0x72,0x6f,0x6c,0x73,0xa,0xa,0x43,0x6f,0x6d,0x62,0x6f,0x42,0x6f,0x78,0x20,
  0x7b,0xa,0x20,0x20,0x20,0x20,0x69,0x64,0x3a,0x20,0x63,0x6f,0x6e,0x74,0x72,0x6f,
  0x6c,0xa,0x20,0x20,0x20,0x20,0x69,0x6d,0x70,0x6c,0x69,0x63,0x69,0x74,0x48,0x65,
  0x69,0x67,0x68,0x74,0x3a,0x20,0x33,0x36,0xa,0xa,0x20,0x20,0x20,0x20,0x63,0x6f,
  0x6e,0x74,0x65,0x6e,0x74,0x49,0x74,0x65,0x6d,0x3a,0x20,0x63,0x6f,0x6e,0x74,0x72,
  0x6f,0x6c,0x2e,0x65,0x64,0x69,0x74,0x61,0x62,0x6c,0x65,0x20,0x3f,0x20,0x5f,0x65,
  0x64,0x69,0x74,0x4c,0x6f,0x61,0x64,0x65,0x72,0x2e,0x69,0x74,0x65,0x6d,0x20,0x3a,
  0x20,0x5f,0x74,0x65,0x78,0x74,0x44,0x69,0x73,0x70,0x6c,0x61,0x79,0xa,0x20,0x20,
  0x20,0x20,0x43,0x6f,0x6d,0x70,0x6f,0x6e,0x65,0x6e,0x74,0x2e,0x6f,0x6e,0x43,0x6f,
  0x6d,0x70,0x6c,0x65,0x74,0x65,0x64,0x3a,0x20,0x69,0x66,0x20,0x28,0x63,0x6f,0x6e,
  0x74,0x72,0x6f,0x6c,0x2e,0x65,0x64,0x69,0x74,0x61,0x62,0x6c,0x65,0x29,0x20,0x5f,
  0x65,0x64,0x69,0x74,0x4c,0x6f,0x61,0x64,0x65,0x72,0x2e,0x61,0x63,0x74,0x69,0x76,
  0x65,0x20,0x3d,0x20,0x74,0x72,0x75,0x65,0xa,0xa,0x20,0x20,0x20,0x20,0x54,0x65,
  0x78,0x74,0x20,0x7b,0xa,0x20,0x20,0x20,0x20,0x20,0x20,0x20,0x20,0x69,0x64,0x3a,
  0x20,0x5f,0x74,0x65,0x78,0x74,0x44,0x69,0x73,0x70,0x6c,0x61,0x79,0xa,0x20,0x20,
  0x20,0x20,0x20,0x20,0x20,0x20,0x76,0x69,0x73,0x69,0x62,0x6c,0x65,0x3a,0x20,0x21,
  0x63,0x6f,0x6e,0x74,0x72,0x6f,0x6c,0x2e,0x65,0x64,0x69,0x74,0x61,0x62,0x6c,0x65,
  0xa,0x20,0x20,0x20,0x20,0x20,0x20,0x20,0x20,0x6c,0x65,0x66,0x74,0x50,0x61,0x64,
  0x64,0x69,0x6e,0x67,0x3a,0x20,0x31,0x30,0x3b,0x20,0x72,0x69,0x67,0x68,0x74,0x50,
  0x61,0x64,0x64,0x69,0x6e,0x67,0x3a,0x20,0x63,0x6f,0x6e,0x74,0x72,0x6f,0x6c,0x2e,
  0x69,0x6e,0x64,0x69,0x63,0x61,0x74,0x6f,0x72,0x2e,0x77,0x69,0x64,0x74,0x68,0x20,
  0x2b,0x20,0x31,0x30,0xa,0x20,0x20,0x20,0x20,0x20,0x20,0x20,0x20,0x74,0x65,0x78,
  0x74,0x3a,0x20,0x63,0x6f,0x6e,0x74,0x72,0x6f,0x6c,0x2e,0x64,0x69,0x73,0x70,0x6c,
  0x61,0x79,0x54,0x65,0x78,0x74,0xa,0x20,0x20,0x20,0x20,0x20,0x20,0x20,0x20,0x66,
  0x6f,0x6e,0x74,0x2e,0x70,0x69,0x78,0x65,0x6c,0x53,0x69,0x7a,0x65,0x3a,0x20,0x31,
  0x32,0xa,0x20,0x20,0x20,0x20,0x20,0x20,0x20,0x20,0x63,0x6f,0x6c,0x6f,0x72,0x3a,
  0x20,0x72,0x6f,0x6f,0x74,0x2e,0x63,0x54,0x65,0x78,0x74,0xa,0x20,0x20,0x20,0x20,
  0x20,0x20,0x20,0x20,0x76,0x65,0x72,0x74,0x69,0x63,0x61,0x6c,0x41,0x6c,0x69,0x67,
  0x6e,0x6d,0x65,0x6e,0x74,0x3a,0x20,0x54,0x65,0x78,0x74,0x2e,0x41,0x6c,0x69,0x67,
  0x6e,0x56,0x43,0x65,0x6e,0x74,0x65,0x72,0xa,0x20,0x20,0x20,0x20,0x20,0x20,0x20,
  0x20,0x65,0x6c,0x69,0x64,0x65,0x3a,0x20,0x54,0x65,0x78,0x74,0x2e,0x45,0x6c,0x69,
  0x64,0x65,0x52,0x69,0x67,0x68,0x74,0xa,0x20,0x20,0x20,0x20,0x7d,0xa,0xa,0x20,
  0x20,0x20,0x20,0x4c,0x6f,0x61,0x64,0x65,0x72,0x20,0x7b,0xa,0x20,0x20,0x20,0x20,
  0x20,0x20,0x20,0x20,0x69,0x64,0x3a,0x20,0x5f,0x65,0x64,0x69,0x74,0x4c,0x6f,0x61,
  0x64,0x65,0x72,0xa,0x20,0x20,0x20,0x20,0x20,0x20,0x20,0x20,0x61,0x63,0x74,0x69,
  0x76,0x65,0x3a,0x20,0x66,0x61,0x6c,0x73,0x65,0xa,0x20,0x20,0x20,0x20,0x20,0x20,
  0x20,0x20,0x73,0x6f,0x75,0x72,0x63,0x65,0x43,0x6f,0x6d,0x70,0x6f,0x6e,0x65,0x6e,
  0x74,0x3a,0x20,0x54,0x65,0x78,0x74,0x49,0x6e,0x70,0x75,0x74,0x20,0x7b,0xa,0x20,
  0x20,0x20,0x20,0x20,0x20,0x20,0x20,0x20,0x20,0x20,0x20,0x6c,0x65,0x66,0x74,0x50,
  0x61,0x64,0x64,0x69,0x6e,0x67,0x3a,0x20,0x31,0x30,0x3b,0x20,0x72,0x69,0x67,0x68,
  0x74,0x50,0x61,0x64,0x64,0x69,0x6e,0x67,0x3a,0x20,0x63,0x6f,0x6e,0x74,0x72,0x6f,
  0x6c,0x2e,0x69,0x6e,0x64,0x69,0x63,0x61,0x74,0x6f,0x72,0x2e,0x77,0x69,0x64,0x74,
  0x68,0x20,0x2b,0x20,0x31,0x30,0xa,0x20,0x20,0x20,0x20,0x20,0x20,0x20,0x20,0x20,
  0x20,0x20,0x20,0x74,0x65,0x78,0x74,0x3a,0x20,0x63,0x6f,0x6e,0x74,0x72,0x6f,0x6c,
  0x2e,0x65,0x64,0x69,0x74,0x54,0x65,0x78,0x74,0xa,0x20,0x20,0x20,0x20,0x20,0x20,
  0x20,0x20,0x20,0x20,0x20,0x20,0x66,0x6f,0x6e,0x74,0x2e,0x70,0x69,0x78,0x65,0x6c,
  0x53,0x69,0x7a,0x65,0x3a,0x20,0x31,0x32,0xa,0x20,0x20,0x20,0x20,0x20,0x20,0x20,
  0x20,0x20,0x20,0x20,0x20,0x63,0x6f,0x6c,0x6f,0x72,0x3a,0x20,0x72,0x6f,0x6f,0x74,
  0x2e,0x63,0x54,0x65,0x78,0x74,0xa,0x20,0x20,0x20,0x20,0x20,0x20,0x20,0x20,0x20,
  0x20,0x20,0x20,0x73,0x65,0x6c,0x65,0x63,0x74,0x69,0x6f,0x6e,0x43,0x6f,0x6c,0x6f,
  0x72,0x3a,0x20,0x72,0x6f,0x6f,0x74,0x2e,0x63,0x41,0x63,0x63,0x65,0x6e,0x74,0xa,
  0x20,0x20,0x20,0x20,0x20,0x20,0x20,0x20,0x20,0x20,0x20,0x20,0x73,0x65,0x6c,0x65,
  0x63,0x74,0x65,0x64,0x54,0x65,0x78,0x74,0x43,0x6f,0x6c,0x6f,0x72,0x3a,0x20,0x72,
  0x6f,0x6f,0x74,0x2e,0x63,0x4f,0x6e,0x41,0x63,0x63,0x65,0x6e,0x74,0xa,0x20,0x20,
  0x20,0x20,0x20,0x20,0x20,0x20,0x20,0x20,0x20,0x20,0x76,0x65,0x72,0x74,0x69,0x63,
  0x61,0x6c,0x41,0x6c,0x69,0x67,0x6e,0x6d,0x65,0x6e,0x74,0x3a,0x20,0x54,0x65,0x78,
  0x74,0x2e,0x41,0x6c,0x69,0x67,0x6e,0x56,0x43,0x65,0x6e,0x74,0x65,0x72,0xa,0x20,
  0x20,0x20,0x20,0x20,0x20,0x20,0x20,0x20,0x20,0x20,0x20,0x6f,0x6e,0x54,0x65,0x78,
  0x74,0x45,0x64,0x69,0x74,0x65,0x64,0x3a,0x20,0x63,0x6f,0x6e,0x74,0x72,0x6f,0x6c,
  0x2e,0x65,0x64,0x69,0x74,0x54,0x65,0x78,0x74,0x20,0x3d,0x20,0x74,0x65,0x78,0x74,
  0xa,0x20,0x20,0x20,0x20,0x20,0x20,0x20,0x20,0x7d,0xa,0x20,0x20,0x20,0x20,0x7d,
  0xa,0xa,0x20,0x20,0x20,0x20,0x69,0x6e,0x64,0x69,0x63,0x61,0x74,0x6f,0x72,0x3a,
  0x20,0x54,0x65,0x78,0x74,0x20,0x7b,0xa,0x20,0x20,0x20,0x20,0x20,0x20,0x20,0x20,
  0x78,0x3a,0x20,0x63,0x6f,0x6e,0x74,0x72,0x6f,0x6c,0x2e,0x77,0x69,0x64,0x74,0x68,
  0x20,0x2d,0x20,0x77,0x69,0x64,0x74,0x68,0x20,0x2d,0x20,0x31,0x30,0xa,0x20,0x20,
  0x20,0x20,0x20,0x20,0x20,0x20,0x79,0x3a,0x20,0x28,0x63,0x6f,0x6e,0x74,0x72,0x6f,
  0x6c,0x2e,0x68,0x65,0x69,0x67,0x68,0x74,0x20,0x2d,0x20,0x68,0x65,0x69,0x67,0x68,
  0x74,0x29,0x20,0x2f,0x20,0x32,0xa,0x20,0x20,0x20,0x20,0x20,0x20,0x20,0x20,0x74,
  0x65,0x78,0x74,0x3a,0x20,0x22,0xe2,0x96,0xbe,0x22,0x3b,0x20,0x66,0x6f,0x6e,0x74,
  0x2e,0x70,0x69,0x78,0x65,0x6c,0x53,0x69,0x7a,0x65,0x3a,0x20,0x31,0x32,0x3b,0x20,
  0x63,0x6f,0x6c,0x6f,0x72,0x3a,0x20,0x72,0x6f,0x6f,0x74,0x2e,0x63,0x53,0x75,0x62,
  0x74,0x65,0x78,0x74,0xa,0x20,0x20,0x20,0x20,0x7d,0xa,0xa,0x20,0x20,0x20,0x20,
  0x62,0x61,0x63,0x6b,0x67,0x72,0x6f,0x75,0x6e,0x64,0x3a,0x20,0x52,0x65,0x63,0x74,
  0x61,0x6e,0x67,0x6c,0x65,0x20,0x7b,0xa,0x20,0x20,0x20,0x20,0x20,0x20,0x20,0x20,
  0x63,0x6f,0x6c,0x6f,0x72,0x3a,0x20,0x63,0x6f,0x6e,0x74,0x72,0x6f,0x6c,0x2e,0x70,
  0x72,0x65,0x73,0x73,0x65,0x64,0x20,0x3f,0x20,0x51,0x74,0x2e,0x6c,0x69,0x67,0x68,
  0x74,0x65,0x72,0x28,0x72,0x6f,0x6f,0x74,0x2e,0x63,0x43,0x72,0x75,0x73,0x74,0x2c,
  0x20,0x31,0x2e,0x31,0x29,0x20,0x3a,0x20,0x72,0x6f,0x6f,0x74,0x2e,0x63,0x43,0x72,
  0x75,0x73,0x74,0xa,0x20,0x20,0x20,0x20,0x20,0x20,0x20,0x20,0x72,0x61,0x64,0x69,
  0x75,0x73,0x3a,0x20,0x36,0xa,0x20,0x20,0x20,0x20,0x20,0x20,0x20,0x20,0x62,0x6f,
  0x72,0x64,0x65,0x72,0x2e,0x63,0x6f,0x6c,0x6f,0x72,0x3a,0x20,0x63,0x6f,0x6e,0x74,
  0x72,0x6f,0x6c,0x2e,0x61,0x63,0x74,0x69,0x76,0x65,0x46,0x6f,0x63,0x75,0x73,0x20,
  0x3f,0x20,0x72,0x6f,0x6f,0x74,0x2e,0x63,0x41,0x63,0x63,0x65,0x6e,0x74,0x20,0x3a,
  0x20,0x72,0x6f,0x6f,0x74,0x2e,0x63,0x53,0x75,0x72,0x66,0x61,0x63,0x65,0x56,0x61,
  0x72,0xa,0x20,0x20,0x20,0x20,0x20,0x20,0x20,0x20,0x62,0x6f,0x72,0x64,0x65,0x72,
  0x2e,0x77,0x69,0x64,0x74,0x68,0x3a,0x20,0x31,0xa,0x20,0x20,0x20,0x20,0x7d,0xa,
  0xa,0x20,0x20,0x20,0x20,0x64,0x65,0x6c,0x65,0x67,0x61,0x74,0x65,0x3a,0x20,0x49,
  0x74,0x65,0x6d,0x44,0x65,0x6c,0x65,0x67,0x61,0x74,0x65,0x20,0x7b,0xa,0x20,0x20,
  0x20,0x20,0x20,0x20,0x20,0x20,0x77,0x69,0x64,0x74,0x68,0x3a,0x20,0x63,0x6f,0x6e,
  0x74,0x72,0x6f,0x6c,0x2e,0x70,0x6f,0x70,0x75,0x70,0x2e,0x77,0x69,0x64,0x74,0x68,
  0xa,0x20,0x20,0x20,0x20,0x20,0x20,0x20,0x20,0x68,0x65,0x69,0x67,0x68,0x74,0x3a,
  0x20,0x33,0x34,0xa,0x20,0x20,0x20,0x20,0x20,0x20,0x20,0x20,0x63,0x6f,0x6e,0x74,
  0x65,0x6e,0x74,0x49,0x74,0x65,0x6d,0x3a,0x20,0x54,0x65,0x78,0x74,0x20,0x7b,0xa,
  0x20,0x20,0x20,0x20,0x20,0x20,0x20,0x20,0x20,0x20,0x20,0x20,0x74,0x65,0x78,0x74,
  0x3a,0x20,0x63,0x6f,0x6e,0x74,0x72,0x6f,0x6c,0x2e,0x74,0x65,0x78,0x74,0x52,0x6f,
  0x6c,0x65,0x20,0x3f,0x20,0x28,0x41,0x72,0x72,0x61,0x79,0x2e,0x69,0x73,0x41,0x72,
  0x72,0x61,0x79,0x28,0x63,0x6f,0x6e,0x74,0x72,0x6f,0x6c,0x2e,0x6d,0x6f,0x64,0x65,
  0x6c,0x29,0x20,0x3f,0x20,0x6d,0x6f,0x64,0x65,0x6c,0x44,0x61,0x74,0x61,0x20,0x3a,
  0x20,0x6d,0x6f,0x64,0x65,0x6c,0x5b,0x63,0x6f,0x6e,0x74,0x72,0x6f,0x6c,0x2e,0x74,
  0x65,0x78,0x74,0x52,0x6f,0x6c,0x65,0x5d,0x29,0x20,0x3a,0x20,0x6d,0x6f,0x64,0x65,
  0x6c,0x44,0x61,0x74,0x61,0xa,0x20,0x20,0x20,0x20,0x20,0x20,0x20,0x20,0x20,0x20,
  0x20,0x20,0x66,0x6f,0x6e,0x74,0x2e,0x70,0x69,0x78,0x65,0x6c,0x53,0x69,0x7a,0x65,
  0x3a,0x20,0x31,0x32,0xa,0x20,0x20,0x20,0x20,0x20,0x20,0x20,0x20,0x20,0x20,0x20,
  0x20,0x63,0x6f,0x6c,0x6f,0x72,0x3a,0x20,0x68,0x69,0x67,0x68,0x6c,0x69,0x67,0x68,
  0x74,0x65,0x64,0x20,0x3f,0x20,0x72,0x6f,0x6f,0x74,0x2e,0x63,0x4f,0x6e,0x41,0x63,
  0x63,0x65,0x6e,0x74,0x20,0x3a,0x20,0x72,0x6f,0x6f,0x74,0x2e,0x63,0x54,0x65,0x78,
  0x74,0xa,0x20,0x20,0x20,0x20,0x20,0x20,0x20,0x20,0x20,0x20,0x20,0x20,0x76,0x65,
  0x72,0x74,0x69,0x63,0x61,0x6c,0x41,0x6c,0x69,0x67,0x6e,0x6d,0x65,0x6e,0x74,0x3a,
  0x20,0x54,0x65,0x78,0x74,0x2e,0x41,0x6c,0x69,0x67,0x6e,0x56,0x43,0x65,0x6e,0x74,
  0x65,0x72,0xa,0x20,0x20,0x20,0x20,0x20,0x20,0x20,0x20,0x20,0x20,0x20,0x20,0x6c,
  0x65,0x66,0x74,0x50,0x61,0x64,0x64,0x69,0x6e,0x67,0x3a,0x20,0x31,0x30,0xa,0x20,
  0x20,0x20,0x20,0x20,0x20,0x20,0x20,0x7d,0xa,0x20,0x20,0x20,0x20,0x20,0x20,0x20,
  0x20,0x62,0x61,0x63,0x6b,0x67,0x72,0x6f,0x75,0x6e,0x64,0x3a,0x20,0x52,0x65,0x63,
  0x74,0x61,0x6e,0x67,0x6c,0x65,0x20,0x7b,0xa,0x20,0x20,0x20,0x20,0x20,0x20,0x20,
  0x20,0x20,0x20,0x20,0x20,0x63,0x6f,0x6c,0x6f,0x72,0x3a,0x20,0x68,0x69,0x67,0x68,
  0x6c,0x69,0x67,0x68,0x74,0x65,0x64,0x20,0x3f,0x20,0x72,0x6f,0x6f,0x74,0x2e,0x63,
  0x41,0x63,0x63,0x65,0x6e,0x74,0x20,0x3a,0x20,0x28,0x68,0x6f,0x76,0x65,0x72,0x65,
  0x64,0x20,0x3f,0x20,0x51,0x74,0x2e,0x72,0x67,0x62,0x61,0x28,0x72,0x6f,0x6f,0x74,
  0x2e,0x63,0x41,0x63,0x63,0x65,0x6e,0x74,0x2e,0x72,0x2c,0x20,0x72,0x6f,0x6f,0x74,
  0x2e,0x63,0x41,0x63,0x63,0x65,0x6e,0x74,0x2e,0x67,0x2c,0x20,0x72,0x6f,0x6f,0x74,
  0x2e,0x63,0x41,0x63,0x63,0x65,0x6e,0x74,0x2e,0x62,0x2c,0x20,0x30,0x2e,0x31,0x29,
  0x20,0x3a,0x20,0x22,0x74,0x72,0x61,0x6e,0x73,0x70,0x61,0x72,0x65,0x6e,0x74,0x22,
  0x29,0xa,0x20,0x20,0x20,0x20,0x20,0x20,0x20,0x20,0x20,0x20,0x20,0x20,0x72,0x61,
  0x64,0x69,0x75,0x73,0x3a,0x20,0x34,0xa,0x20,0x20,0x20,0x20,0x20,0x20,0x20,0x20,
  0x7d,0xa,0x20,0x20,0x20,0x20,0x20,0x20,0x20,0x20,0x68,0x69,0x67,0x68,0x6c,0x69,
  0x67,0x68,0x74,0x65,0x64,0x3a,0x20,0x63,0x6f,0x6e,0x74,0x72,0x6f,0x6c,0x2e,0x68,
  0x69,0x67,0x68,0x6c,0x69,0x67,0x68,0x74,0x65,0x64,0x49,0x6e,0x64,0x65,0x78,0x20,
  0x3d,0x3d,0x3d,0x20,0x69,0x6e,0x64,0x65,0x78,0xa,0x20,0x20,0x20,0x20,0x20,0x20,
  0x20,0x20,0x68,0x6f,0x76,0x65,0x72,0x45,0x6e,0x61,0x62,0x6c,0x65,0x64,0x3a,0x20,
  0x74,0x72,0x75,0x65,0xa,0x20,0x20,0x20,0x20,0x7d,0xa,0xa,0x20,0x20,0x20,0x20,
  0x70,0x6f,0x70,0x75,0x70,0x3a,0x20,0x50,0x6f,0x70,0x75,0x70,0x20,0x7b,0xa,0x20,
  0x20,0x20,0x20,0x20,0x20,0x20,0x20,0x79,0x3a,0x20,0x63,0x6f,0x6e,0x74,0x72,0x6f,
  0x6c,0x2e,0x68,0x65,0x69,0x67,0x68,0x74,0x20,0x2b,0x20,0x32,0xa,0x20,0x20,0x20,
  0x20,0x20,0x20,0x20,0x20,0x77,0x69,0x64,0x74,0x68,0x3a,0x20,0x63,0x6f,0x6e,0x74,
  0x72,0x6f,0x6c,0x2e,0x77,0x69,0x64,0x74,0x68,0xa,0x20,0x20,0x20,0x20,0x20,0x20,
  0x20,0x20,0x69,0x6d,0x70,0x6c,0x69,0x63,0x69,0x74,0x48,0x65,0x69,0x67,0x68,0x74,
  0x3a,0x20,0x4d,0x61,0x74,0x68,0x2e,0x6d,0x69,0x6e,0x28,0x63,0x6f,0x6e,0x74,0x65,
  0x6e,0x74,0x49,0x74,0x65,0x6d,0x2e,0x69,0x6d,0x70,0x6c,0x69,0x63,0x69,0x74,0x48,
  0x65,0x69,0x67,0x68,0x74,0x20,0x2b,0x20,0x38,0x2c,0x20,0x33,0x30,0x30,0x29,0xa,
  0x20,0x20,0x20,0x20,0x20,0x20,0x20,0x20,0x70,0x61,0x64,0x64,0x69,0x6e,0x67,0x3a,
  0x20,0x34,0xa,0xa,0x20,0x20,0x20,0x20,0x20,0x20,0x20,0x20,0x62,0x61,0x63,0x6b,
  0x67,0x72,0x6f,0x75,0x6e,0x64,0x3a,0x20,0x52,0x65,0x63,0x74,0x61,0x6e,0x67,0x6c,
  0x65,0x20,0x7b,0xa,0x20,0x20,0x20,0x20,0x20,0x20,0x20,0x20,0x20,0x20,0x20,0x20,
  0x63,0x6f,0x6c,0x6f,0x72,0x3a,0x20,0x72,0x6f,0x6f,0x74,0x2e,0x63,0x4d,0x61,0x6e,
  0x74,0x6c,0x65,0xa,0x20,0x20,0x20,0x20,0x20,0x20,0x20,0x20,0x20,0x20,0x20,0x20,
  0x72,0x61,0x64,0x69,0x75,0x73,0x3a,0x20,0x38,0xa,0x20,0x20,0x20,0x20,0x20,0x20,
  0x20,0x20,0x20,0x20,0x20,0x20,0x62,0x6f,0x72,0x64,0x65,0x72,0x2e,0x63,0x6f,0x6c,
  0x6f,0x72,0x3a,0x20,0x72,0x6f,0x6f,0x74,0x2e,0x63,0x53,0x75,0x72,0x66,0x61,0x63,
  0x65,0x56,0x61,0x72,0xa,0x20,0x20,0x20,0x20,0x20,0x20,0x20,0x20,0x20,0x20,0x20,
  0x20,0x62,0x6f,0x72,0x64,0x65,0x72,0x2e,0x77,0x69,0x64,0x74,0x68,0x3a,0x20,0x31,
  0xa,0x20,0x20,0x20,0x20,0x20,0x20,0x20,0x20,0x7d,0xa,0xa,0x20,0x20,0x20,0x20,
  0x20,0x20,0x20,0x20,0x63,0x6f,0x6e,0x74,0x65,0x6e,0x74,0x49,0x74,0x65,0x6d,0x3a,
  0x20,0x4c,0x69,0x73,0x74,0x56,0x69,0x65,0x77,0x20,0x7b,0xa,0x20,0x20,0x20,0x20,
  0x20,0x20,0x20,0x20,0x20,0x20,0x20,0x20,0x63,0x6c,0x69,0x70,0x3a,0x20,0x74,0x72,
  0x75,0x65,0xa,0x20,0x20,0x20,0x20,0x20,0x20,0x20,0x20,0x20,0x20,0x20,0x20,0x69,
  0x6d,0x70,0x6c,0x69,0x63,0x69,0x74,0x48,0x65,0x69,0x67,0x68,0x74,0x3a,0x20,0x63,
  0x6f,0x6e,0x74,0x65,0x6e,0x74,0x48,0x65,0x69,0x67,0x68,0x74,0xa,0x20,0x20,0x20,
  0x20,0x20,0x20,0x20,0x20,0x20,0x20,0x20,0x20,0x6d,0x6f,0x64,0x65,0x6c,0x3a,0x20,
  0x63,0x6f,0x6e,0x74,0x72,0x6f,0x6c,0x2e,0x70,0x6f,0x70,0x75,0x70,0x2e,0x76,0x69,
  0x73,0x69,0x62,0x6c,0x65,0x20,0x3f,0x20,0x63,0x6f,0x6e,0x74,0x72,0x6f,0x6c,0x2e,
  0x64,0x65,0x6c,0x65,0x67,0x61,0x74,0x65,0x4d,0x6f,0x64,0x65,0x6c,0x20,0x3a,0x20,
  0x6e,0x75,0x6c,0x6c,0xa,0x20,0x20,0x20,0x20,0x20,0x20,0x20,0x20,0x20,0x20,0x20,
  0x20,0x63,0x75,0x72,0x72,0x65,0x6e,0x74,0x49,0x6e,0x64,0x65,0x78,0x3a,0x20,0x63,
  0x6f,0x6e,0x74,0x72,0x6f,0x6c,0x2e,0x68,0x69,0x67,0x68,0x6c,0x69,0x67,0x68,0x74,
  0x65,0x64,0x49,0x6e,0x64,0x65,0x78,0xa,0x20,0x20,0x20,0x20,0x20,0x20,0x20,0x20,
  0x20,0x20,0x20,0x20,0x53,0x63,0x72,0x6f,0x6c,0x6c,0x42,0x61,0x72,0x2e,0x76,0x65,
  0x72,0x74,0x69,0x63,0x61,0x6c,0x3a,0x20,0x53,0x63,0x72,0x6f,0x6c,0x6c,0x42,0x61,
  0x72,0x20,0x7b,0x20,0x70,0x6f,0x6c,0x69,0x63,0x79,0x3a,0x20,0x53,0x63,0x72,0x6f,
  0x6c,0x6c,0x42,0x61,0x72,0x2e,0x41,0x73,0x4e,0x65,0x65,0x64,0x65,0x64,0x20,0x7d,
  0xa,0x20,0x20,0x20,0x20,0x20,0x20,0x20,0x20,0x7d,0xa,0x20,0x20,0x20,0x20,0x7d,
  0xa,0x7d,0xa,
    // SettingsGroup.qml
  0x0,0x0,0x2,0x49,
  0x69,
  0x6d,0x70,0x6f,0x72,0x74,0x20,0x51,0x74,0x51,0x75,0x69,0x63,0x6b,0xa,0x69,0x6d,
  0x70,0x6f,0x72,0x74,0x20,0x51,0x74,0x51,0x75,0x69,0x63,0x6b,0x2e,0x4c,0x61,0x79,
  0x6f,0x75,0x74,0x73,0xa,0xa,0x52,0x65,0x63,0x74,0x61,0x6e,0x67,0x6c,0x65,0x20,
  0x7b,0xa,0x20,0x20,0x20,0x20,0x69,0x64,0x3a,0x20,0x73,0x67,0xa,0x20,0x20,0x20,
  0x20,0x70,0x72,0x6f,0x70,0x65,0x72,0x74,0x79,0x20,0x73,0x74,0x72,0x69,0x6e,0x67,
  0x20,0x74,0x69,0x74,0x6c,0x65,0x3a,0x20,0x22,0x22,0xa,0x20,0x20,0x20,0x20,0x64,
  0x65,0x66,0x61,0x75,0x6c,0x74,0x20,0x70,0x72,0x6f,0x70,0x65,0x72,0x74,0x79,0x20,
  0x61,0x6c,0x69,0x61,0x73,0x20,0x63,0x68,0x69,0x6c,0x64,0x72,0x65,0x6e,0x3a,0x20,
  0x5f,0x63,0x6f,0x6c,0x2e,0x64,0x61,0x74,0x61,0xa,0x20,0x20,0x20,0x20,0x4c,0x61,
  0x79,0x6f,0x75,0x74,0x2e,0x66,0x69,0x6c,0x6c,0x57,0x69,0x64,0x74,0x68,0x3a,0x20,
  0x74,0x72,0x75,0x65,0xa,0x20,0x20,0x20,0x20,0x63,0x6f,0x6c,0x6f,0x72,0x3a,0x20,
  0x72,0x6f,0x6f,0x74,0x2e,0x63,0x4d,0x61,0x6e,0x74,0x6c,0x65,0x3b,0x20,0x72,0x61,
  0x64,0x69,0x75,0x73,0x3a,0x20,0x31,0x32,0x3b,0x20,0x62,0x6f,0x72,0x64,0x65,0x72,
  0x2e,0x63,0x6f,0x6c,0x6f,0x72,0x3a,0x20,0x72,0x6f,0x6f,0x74,0x2e,0x63,0x53,0x75,
  0x72,0x66,0x61,0x63,0x65,0x56,0x61,0x72,0x3b,0x20,0x62,0x6f,0x72,0x64,0x65,0x72,
  0x2e,0x77,0x69,0x64,0x74,0x68,0x3a,0x20,0x31,0xa,0x20,0x20,0x20,0x20,0x69,0x6d,
  0x70,0x6c,0x69,0x63,0x69,0x74,0x48,0x65,0x69,0x67,0x68,0x74,0x3a,0x20,0x5f,0x63,
  0x6f,0x6c,0x2e,0x69,0x6d,0x70,0x6c,0x69,0x63,0x69,0x74,0x48,0x65,0x69,0x67,0x68,
  0x74,0x20,0x2b,0x20,0x34,0x30,0xa,0x20,0x20,0x20,0x20,0x43,0x6f,0x6c,0x75,0x6d,
  0x6e,0x4c,0x61,0x79,0x6f,0x75,0x74,0x20,0x7b,0xa,0x20,0x20,0x20,0x20,0x20,0x20,
  0x20,0x20,0x69,0x64,0x3a,0x20,0x5f,0x63,0x6f,0x6c,0xa,0x20,0x20,0x20,0x20,0x20,
  0x20,0x20,0x20,0x61,0x6e,0x63,0x68,0x6f,0x72,0x73,0x2e,0x6c,0x65,0x66,0x74,0x3a,
  0x20,0x70,0x61,0x72,0x65,0x6e,0x74,0x2e,0x6c,0x65,0x66,0x74,0x3b,0x20,0x61,0x6e,
  0x63,0x68,0x6f,0x72,0x73,0x2e,0x72,0x69,0x67,0x68,0x74,0x3a,0x20,0x70,0x61,0x72,
  0x65,0x6e,0x74,0x2e,0x72,0x69,0x67,0x68,0x74,0x3b,0x20,0x61,0x6e,0x63,0x68,0x6f,
  0x72,0x73,0x2e,0x74,0x6f,0x70,0x3a,0x20,0x70,0x61,0x72,0x65,0x6e,0x74,0x2e,0x74,
  0x6f,0x70,0xa,0x20,0x20,0x20,0x20,0x20,0x20,0x20,0x20,0x61,0x6e,0x63,0x68,0x6f,
  0x72,0x73,0x2e,0x6d,0x61,0x72,0x67,0x69,0x6e,0x73,0x3a,0x20,0x32,0x30,0x3b,0x20,
  0x73,0x70,0x61,0x63,0x69,0x6e,0x67,0x3a,0x20,0x31,0x34,0xa,0x20,0x20,0x20,0x20,
  0x20,0x20,0x20,0x20,0x54,0x65,0x78,0x74,0x20,0x7b,0x20,0x74,0x65,0x78,0x74,0x3a,
  0x20,0x73,0x67,0x2e,0x74,0x69,0x74,0x6c,0x65,0x3b,0x20,0x66,0x6f,0x6e,0x74,0x2e,
  0x70,0x69,0x78,0x65,0x6c,0x53,0x69,0x7a,0x65,0x3a,0x20,0x31,0x36,0x3b,0x20,0x66,
  0x6f,0x6e,0x74,0x2e,0x62,0x6f,0x6c,0x64,0x3a,0x20,0x74,0x72,0x75,0x65,0x3b,0x20,
  0x63,0x6f,0x6c,0x6f,0x72,0x3a,0x20,0x72,0x6f,0x6f,0x74,0x2e,0x63,0x41,0x63,0x63,
  0x65,0x6e,0x74,0x3b,0x20,0x76,0x69,0x73,0x69,0x62,0x6c,0x65,0x3a,0x20,0x73,0x67,
  0x2e,0x74,0x69,0x74,0x6c,0x65,0x20,0x21,0x3d,0x3d,0x20,0x22,0x22,0x20,0x7d,0xa,
  0x20,0x20,0x20,0x20,0x7d,0xa,0x7d,0xa,
  
};

static const unsigned char qt_resource_name[] = {
  // StarViewConfig
  0x0,0xe,
  0xe,0xad,0xc5,0xd7,
  0x0,0x53,
  0x0,0x74,0x0,0x61,0x0,0x72,0x0,0x56,0x0,0x69,0x0,0x65,0x0,0x77,0x0,0x43,0x0,0x6f,0x0,0x6e,0x0,0x66,0x0,0x69,0x0,0x67,
    // src
  0x0,0x3,
  0x0,0x0,0x7a,0x83,
  0x0,0x73,
  0x0,0x72,0x0,0x63,
    // Main.qml
  0x0,0x8,
  0x8,0x1,0x5e,0x5c,
  0x0,0x4d,
  0x0,0x61,0x0,0x69,0x0,0x6e,0x0,0x2e,0x0,0x71,0x0,0x6d,0x0,0x6c,
    // components
  0x0,0xa,
  0x7,0x6a,0x9,0x33,
  0x0,0x63,
  0x0,0x6f,0x0,0x6d,0x0,0x70,0x0,0x6f,0x0,0x6e,0x0,0x65,0x0,0x6e,0x0,0x74,0x0,0x73,
    // pages
  0x0,0x5,
  0x0,0x76,0x7d,0xc3,
  0x0,0x70,
  0x0,0x61,0x0,0x67,0x0,0x65,0x0,0x73,
    // AnimationPage.qml
  0x0,0x11,
  0x7,0x56,0x52,0x1c,
  0x0,0x41,
  0x0,0x6e,0x0,0x69,0x0,0x6d,0x0,0x61,0x0,0x74,0x0,0x69,0x0,0x6f,0x0,0x6e,0x0,0x50,0x0,0x61,0x0,0x67,0x0,0x65,0x0,0x2e,0x0,0x71,0x0,0x6d,0x0,0x6c,
  
    // NetworkPage.qml
  0x0,0xf,
  0x0,0x1c,0x27,0xdc,
  0x0,0x4e,
  0x0,0x65,0x0,0x74,0x0,0x77,0x0,0x6f,0x0,0x72,0x0,0x6b,0x0,0x50,0x0,0x61,0x0,0x67,0x0,0x65,0x0,0x2e,0x0,0x71,0x0,0x6d,0x0,0x6c,
    // MonitorsPage.qml
  0x0,0x10,
  0x6,0xb0,0x81,0xbc,
  0x0,0x4d,
  0x0,0x6f,0x0,0x6e,0x0,0x69,0x0,0x74,0x0,0x6f,0x0,0x72,0x0,0x73,0x0,0x50,0x0,0x61,0x0,0x67,0x0,0x65,0x0,0x2e,0x0,0x71,0x0,0x6d,0x0,0x6c,
    // WallpaperPage.qml
  0x0,0x11,
  0xb,0xaf,0xd6,0x3c,
  0x0,0x57,
  0x0,0x61,0x0,0x6c,0x0,0x6c,0x0,0x70,0x0,0x61,0x0,0x70,0x0,0x65,0x0,0x72,0x0,0x50,0x0,0x61,0x0,0x67,0x0,0x65,0x0,0x2e,0x0,0x71,0x0,0x6d,0x0,0x6c,
  
    // RulesPage.qml
  0x0,0xd,
  0x4,0x55,0xc9,0x9c,
  0x0,0x52,
  0x0,0x75,0x0,0x6c,0x0,0x65,0x0,0x73,0x0,0x50,0x0,0x61,0x0,0x67,0x0,0x65,0x0,0x2e,0x0,0x71,0x0,0x6d,0x0,0x6c,
    // GeneralPage.qml
  0x0,0xf,
  0xe,0x46,0x65,0xfc,
  0x0,0x47,
  0x0,0x65,0x0,0x6e,0x0,0x65,0x0,0x72,0x0,0x61,0x0,0x6c,0x0,0x50,0x0,0x61,0x0,0x67,0x0,0x65,0x0,0x2e,0x0,0x71,0x0,0x6d,0x0,0x6c,
    // KeybindingsPage.qml
  0x0,0x13,
  0x4,0xe3,0xc7,0x5c,
  0x0,0x4b,
  0x0,0x65,0x0,0x79,0x0,0x62,0x0,0x69,0x0,0x6e,0x0,0x64,0x0,0x69,0x0,0x6e,0x0,0x67,0x0,0x73,0x0,0x50,0x0,0x61,0x0,0x67,0x0,0x65,0x0,0x2e,0x0,0x71,
  0x0,0x6d,0x0,0x6c,
    // AutostartPage.qml
  0x0,0x11,
  0x3,0xa6,0x4b,0x5c,
  0x0,0x41,
  0x0,0x75,0x0,0x74,0x0,0x6f,0x0,0x73,0x0,0x74,0x0,0x61,0x0,0x72,0x0,0x74,0x0,0x50,0x0,0x61,0x0,0x67,0x0,0x65,0x0,0x2e,0x0,0x71,0x0,0x6d,0x0,0x6c,
  
    // TilingPage.qml
  0x0,0xe,
  0x7,0xb8,0xda,0x3c,
  0x0,0x54,
  0x0,0x69,0x0,0x6c,0x0,0x69,0x0,0x6e,0x0,0x67,0x0,0x50,0x0,0x61,0x0,0x67,0x0,0x65,0x0,0x2e,0x0,0x71,0x0,0x6d,0x0,0x6c,
    // DecorationPage.qml
  0x0,0x12,
  0x4,0x22,0xc,0xfc,
  0x0,0x44,
  0x0,0x65,0x0,0x63,0x0,0x6f,0x0,0x72,0x0,0x61,0x0,0x74,0x0,0x69,0x0,0x6f,0x0,0x6e,0x0,0x50,0x0,0x61,0x0,0x67,0x0,0x65,0x0,0x2e,0x0,0x71,0x0,0x6d,
  0x0,0x6c,
    // SettingsRow.qml
  0x0,0xf,
  0xe,0xb,0xae,0x1c,
  0x0,0x53,
  0x0,0x65,0x0,0x74,0x0,0x74,0x0,0x69,0x0,0x6e,0x0,0x67,0x0,0x73,0x0,0x52,0x0,0x6f,0x0,0x77,0x0,0x2e,0x0,0x71,0x0,0x6d,0x0,0x6c,
    // StyledComboBox.qml
  0x0,0x12,
  0xe,0x97,0x30,0x9c,
  0x0,0x53,
  0x0,0x74,0x0,0x79,0x0,0x6c,0x0,0x65,0x0,0x64,0x0,0x43,0x0,0x6f,0x0,0x6d,0x0,0x62,0x0,0x6f,0x0,0x42,0x0,0x6f,0x0,0x78,0x0,0x2e,0x0,0x71,0x0,0x6d,
  0x0,0x6c,
    // SettingsGroup.qml
  0x0,0x11,
  0x7,0x38,0x87,0xdc,
  0x0,0x53,
  0x0,0x65,0x0,0x74,0x0,0x74,0x0,0x69,0x0,0x6e,0x0,0x67,0x0,0x73,0x0,0x47,0x0,0x72,0x0,0x6f,0x0,0x75,0x0,0x70,0x0,0x2e,0x0,0x71,0x0,0x6d,0x0,0x6c,
  
  
};

static const unsigned char qt_resource_struct[] = {
  // :
  0x0,0x0,0x0,0x0,0x0,0x2,0x0,0x0,0x0,0x1,0x0,0x0,0x0,0x1,
0x0,0x0,0x0,0x0,0x0,0x0,0x0,0x0,
  // :/StarViewConfig
  0x0,0x0,0x0,0x0,0x0,0x2,0x0,0x0,0x0,0x1,0x0,0x0,0x0,0x2,
0x0,0x0,0x0,0x0,0x0,0x0,0x0,0x0,
  // :/StarViewConfig/src
  0x0,0x0,0x0,0x22,0x0,0x2,0x0,0x0,0x0,0x3,0x0,0x0,0x0,0x3,
0x0,0x0,0x0,0x0,0x0,0x0,0x0,0x0,
  // :/StarViewConfig/src/pages
  0x0,0x0,0x0,0x5e,0x0,0x2,0x0,0x0,0x0,0xa,0x0,0x0,0x0,0x9,
0x0,0x0,0x0,0x0,0x0,0x0,0x0,0x0,
  // :/StarViewConfig/src/components
  0x0,0x0,0x0,0x44,0x0,0x2,0x0,0x0,0x0,0x3,0x0,0x0,0x0,0x6,
0x0,0x0,0x0,0x0,0x0,0x0,0x0,0x0,
  // :/StarViewConfig/src/Main.qml
  0x0,0x0,0x0,0x2e,0x0,0x4,0x0,0x0,0x0,0x1,0x0,0x0,0x0,0x0,
0x0,0x0,0x1,0x9c,0x70,0x25,0xcf,0x76,
  // :/StarViewConfig/src/components/SettingsGroup.qml
  0x0,0x0,0x2,0x3a,0x0,0x0,0x0,0x0,0x0,0x1,0x0,0x0,0x69,0xca,
0x0,0x0,0x1,0x9c,0x70,0x25,0xcf,0x79,
  // :/StarViewConfig/src/components/SettingsRow.qml
  0x0,0x0,0x1,0xec,0x0,0x0,0x0,0x0,0x0,0x1,0x0,0x0,0x5d,0x24,
0x0,0x0,0x1,0x9c,0x70,0x25,0xcf,0x7a,
  // :/StarViewConfig/src/components/StyledComboBox.qml
  0x0,0x0,0x2,0x10,0x0,0x0,0x0,0x0,0x0,0x1,0x0,0x0,0x5f,0x2,
0x0,0x0,0x1,0x9c,0x70,0x25,0xcf,0x7b,
  // :/StarViewConfig/src/pages/NetworkPage.qml
  0x0,0x0,0x0,0x96,0x0,0x0,0x0,0x0,0x0,0x1,0x0,0x0,0xc,0xa0,
0x0,0x0,0x1,0x9c,0x70,0x25,0xcf,0x8a,
  // :/StarViewConfig/src/pages/AutostartPage.qml
  0x0,0x0,0x1,0x78,0x0,0x0,0x0,0x0,0x0,0x1,0x0,0x0,0x4b,0xd6,
0x0,0x0,0x1,0x9c,0x70,0x25,0xcf,0x86,
  // :/StarViewConfig/src/pages/DecorationPage.qml
  0x0,0x0,0x1,0xc2,0x0,0x4,0x0,0x0,0x0,0x1,0x0,0x0,0x58,0xad,
0x0,0x0,0x1,0x9c,0x70,0x25,0xcf,0x7e,
  // :/StarViewConfig/src/pages/RulesPage.qml
  0x0,0x0,0x1,0x8,0x0,0x4,0x0,0x0,0x0,0x1,0x0,0x0,0x35,0xed,
0x0,0x0,0x1,0x9c,0x70,0x25,0xcf,0x85,
  // :/StarViewConfig/src/pages/KeybindingsPage.qml
  0x0,0x0,0x1,0x4c,0x0,0x4,0x0,0x0,0x0,0x1,0x0,0x0,0x3c,0xf6,
0x0,0x0,0x1,0x9c,0x70,0x25,0xcf,0x84,
  // :/StarViewConfig/src/pages/MonitorsPage.qml
  0x0,0x0,0x0,0xba,0x0,0x0,0x0,0x0,0x0,0x1,0x0,0x0,0x1b,0x95,
0x0,0x0,0x1,0x9c,0x70,0x25,0xcf,0x87,
  // :/StarViewConfig/src/pages/AnimationPage.qml
  0x0,0x0,0x0,0x6e,0x0,0x4,0x0,0x0,0x0,0x1,0x0,0x0,0x7,0x0,
0x0,0x0,0x1,0x9c,0x70,0x25,0xcf,0x81,
  // :/StarViewConfig/src/pages/TilingPage.qml
  0x0,0x0,0x1,0xa0,0x0,0x0,0x0,0x0,0x0,0x1,0x0,0x0,0x53,0xec,
0x0,0x0,0x1,0x9c,0x70,0x25,0xcf,0x81,
  // :/StarViewConfig/src/pages/WallpaperPage.qml
  0x0,0x0,0x0,0xe0,0x0,0x0,0x0,0x0,0x0,0x1,0x0,0x0,0x22,0xdc,
0x0,0x0,0x1,0x9c,0x70,0x25,0xcf,0x82,
  // :/StarViewConfig/src/pages/GeneralPage.qml
  0x0,0x0,0x1,0x28,0x0,0x4,0x0,0x0,0x0,0x1,0x0,0x0,0x3a,0xa,
0x0,0x0,0x1,0x9c,0x70,0x25,0xcf,0x7c,

};

#ifdef QT_NAMESPACE
#  define QT_RCC_PREPEND_NAMESPACE(name) ::QT_NAMESPACE::name
#  define QT_RCC_MANGLE_NAMESPACE0(x) x
#  define QT_RCC_MANGLE_NAMESPACE1(a, b) a##_##b
#  define QT_RCC_MANGLE_NAMESPACE2(a, b) QT_RCC_MANGLE_NAMESPACE1(a,b)
#  define QT_RCC_MANGLE_NAMESPACE(name) QT_RCC_MANGLE_NAMESPACE2( \
        QT_RCC_MANGLE_NAMESPACE0(name), QT_RCC_MANGLE_NAMESPACE0(QT_NAMESPACE))
#else
#   define QT_RCC_PREPEND_NAMESPACE(name) name
#   define QT_RCC_MANGLE_NAMESPACE(name) name
#endif

#if defined(QT_INLINE_NAMESPACE)
inline namespace QT_NAMESPACE {
#elif defined(QT_NAMESPACE)
namespace QT_NAMESPACE {
#endif

bool qRegisterResourceData(int, const unsigned char *, const unsigned char *, const unsigned char *);
bool qUnregisterResourceData(int, const unsigned char *, const unsigned char *, const unsigned char *);

#if defined(__ELF__) || defined(__APPLE__)
static inline unsigned char qResourceFeatureZstd()
{
    extern const unsigned char qt_resourceFeatureZstd;
    return qt_resourceFeatureZstd;
}
#else
unsigned char qResourceFeatureZstd();
#endif

#ifdef QT_NAMESPACE
}
#endif

int QT_RCC_MANGLE_NAMESPACE(qInitResources_starview_config_raw_qml_0)();
int QT_RCC_MANGLE_NAMESPACE(qInitResources_starview_config_raw_qml_0)()
{
    int version = 3;
    QT_RCC_PREPEND_NAMESPACE(qRegisterResourceData)
        (version, qt_resource_struct, qt_resource_name, qt_resource_data);
    return 1;
}

int QT_RCC_MANGLE_NAMESPACE(qCleanupResources_starview_config_raw_qml_0)();
int QT_RCC_MANGLE_NAMESPACE(qCleanupResources_starview_config_raw_qml_0)()
{
    int version = 3;
    version += QT_RCC_PREPEND_NAMESPACE(qResourceFeatureZstd());
    QT_RCC_PREPEND_NAMESPACE(qUnregisterResourceData)
       (version, qt_resource_struct, qt_resource_name, qt_resource_data);
    return 1;
}

#ifdef __clang__
#   pragma clang diagnostic push
#   pragma clang diagnostic ignored "-Wexit-time-destructors"
#endif

namespace {
   struct initializer {
       initializer() { QT_RCC_MANGLE_NAMESPACE(qInitResources_starview_config_raw_qml_0)(); }
       ~initializer() { QT_RCC_MANGLE_NAMESPACE(qCleanupResources_starview_config_raw_qml_0)(); }
   } dummy;
}

#ifdef __clang__
#   pragma clang diagnostic pop
#endif
